This is pdfTeX, Version 3.141592653-2.6-1.40.25 (TeX Live 2023/Debian) (preloaded format=pdflatex 2024.10.7)  22 JAN 2026 13:35
entering extended mode
 restricted \write18 enabled.
 file:line:error style messages enabled.
 %&-line parsing enabled.
**/home/sahast/CodingProjects/EEE3027_Project/ICDesign/Report/OLD_REPORT/finalReport.tex
(/home/sahast/CodingProjects/EEE3027_Project/ICDesign/Report/OLD_REPORT/finalReport.tex
LaTeX2e <2023-11-01> patch level 1
L3 programming layer <2024-01-22>
(/usr/share/texlive/texmf-dist/tex/latex/base/article.cls
Document Class: article 2023/05/17 v1.4n Standard LaTeX document class
(/usr/share/texlive/texmf-dist/tex/latex/base/size12.clo
File: size12.clo 2023/05/17 v1.4n Standard LaTeX file (size option)
)
\c@part=\count187
\c@section=\count188
\c@subsection=\count189
\c@subsubsection=\count190
\c@paragraph=\count191
\c@subparagraph=\count192
\c@figure=\count193
\c@table=\count194
\abovecaptionskip=\skip48
\belowcaptionskip=\skip49
\bibindent=\dimen140
) (./ReportHeader.tex (/usr/share/texlive/texmf-dist/tex/latex/url/url.sty
\Urlmuskip=\muskip16
Package: url 2013/09/16  ver 3.4  Verb mode for urls, etc.
) (/usr/share/texlive/texmf-dist/tex/latex/parskip/parskip.sty
Package: parskip 2021-03-14 v2.0h non-zero parskip adjustments
 (/usr/share/texlive/texmf-dist/tex/latex/kvoptions/kvoptions.sty
Package: kvoptions 2022-06-15 v3.15 Key value format for package options (HO)
 (/usr/share/texlive/texmf-dist/tex/latex/graphics/keyval.sty
Package: keyval 2022/05/29 v1.15 key=value parser (DPC)
\KV@toks@=\toks17
) (/usr/share/texlive/texmf-dist/tex/generic/ltxcmds/ltxcmds.sty
Package: ltxcmds 2023-12-04 v1.26 LaTeX kernel commands for general use (HO)
) (/usr/share/texlive/texmf-dist/tex/latex/kvsetkeys/kvsetkeys.sty
Package: kvsetkeys 2022-10-05 v1.19 Key value parser (HO)
)) (/usr/share/texlive/texmf-dist/tex/latex/etoolbox/etoolbox.sty
Package: etoolbox 2020/10/05 v2.5k e-TeX tools for LaTeX (JAW)
\etb@tempcnta=\count195
)) (/usr/share/texlive/texmf-dist/tex/latex/tools/tabularx.sty
Package: tabularx 2023/07/08 v2.11c `tabularx' package (DPC)
 (/usr/share/texlive/texmf-dist/tex/latex/tools/array.sty
Package: array 2023/10/16 v2.5g Tabular extension package (FMi)
\col@sep=\dimen141
\ar@mcellbox=\box51
\extrarowheight=\dimen142
\NC@list=\toks18
\extratabsurround=\skip50
\backup@length=\skip51
\ar@cellbox=\box52
)
\TX@col@width=\dimen143
\TX@old@table=\dimen144
\TX@old@col=\dimen145
\TX@target=\dimen146
\TX@delta=\dimen147
\TX@cols=\count196
\TX@ftn=\toks19
) (/usr/share/texlive/texmf-dist/tex/latex/graphics/color.sty
Package: color 2022/01/06 v1.3d Standard LaTeX Color (DPC)
 (/usr/share/texlive/texmf-dist/tex/latex/graphics-cfg/color.cfg
File: color.cfg 2016/01/02 v1.6 sample color configuration
)
Package color Info: Driver file: pdftex.def on input line 149.
 (/usr/share/texlive/texmf-dist/tex/latex/graphics-def/pdftex.def
File: pdftex.def 2022/09/22 v1.2b Graphics/color driver for pdftex
) (/usr/share/texlive/texmf-dist/tex/latex/graphics/mathcolor.ltx)) (/usr/share/texlive/texmf-dist/tex/latex/graphics/graphicx.sty
Package: graphicx 2021/09/16 v1.2d Enhanced LaTeX Graphics (DPC,SPQR)
 (/usr/share/texlive/texmf-dist/tex/latex/graphics/graphics.sty
Package: graphics 2022/03/10 v1.4e Standard LaTeX Graphics (DPC,SPQR)
 (/usr/share/texlive/texmf-dist/tex/latex/graphics/trig.sty
Package: trig 2021/08/11 v1.11 sin cos tan (DPC)
) (/usr/share/texlive/texmf-dist/tex/latex/graphics-cfg/graphics.cfg
File: graphics.cfg 2016/06/04 v1.11 sample graphics configuration
)
Package graphics Info: Driver file: pdftex.def on input line 107.
)
\Gin@req@height=\dimen148
\Gin@req@width=\dimen149
) (/usr/share/texlive/texmf-dist/tex/latex/xcolor/xcolor.sty
Package: xcolor 2023/11/15 v3.01 LaTeX color extensions (UK)
 (/usr/share/texlive/texmf-dist/tex/latex/graphics-cfg/color.cfg
File: color.cfg 2016/01/02 v1.6 sample color configuration
)

Package xcolor Warning: Package option `usenames' is obsolete and ignored on input line 266.

Package xcolor Info: Driver file: pdftex.def on input line 274.
LaTeX Info: Redefining \color on input line 758.
(/usr/share/texlive/texmf-dist/tex/latex/graphics/mathcolor.ltx)
Package xcolor Info: Model `cmy' substituted by `cmy0' on input line 1350.
Package xcolor Info: Model `hsb' substituted by `rgb' on input line 1354.
Package xcolor Info: Model `RGB' extended on input line 1366.
Package xcolor Info: Model `HTML' substituted by `rgb' on input line 1368.
Package xcolor Info: Model `Hsb' substituted by `hsb' on input line 1369.
Package xcolor Info: Model `tHsb' substituted by `hsb' on input line 1370.
Package xcolor Info: Model `HSB' substituted by `hsb' on input line 1371.
Package xcolor Info: Model `Gray' substituted by `gray' on input line 1372.
Package xcolor Info: Model `wave' substituted by `hsb' on input line 1373.
) (/usr/share/texlive/texmf-dist/tex/latex/graphics/dvipsnam.def
File: dvipsnam.def 2016/06/17 v3.0m Driver-dependent file (DPC,SPQR)
) (/usr/share/texlive/texmf-dist/tex/latex/geometry/geometry.sty
Package: geometry 2020/01/02 v5.9 Page Geometry
 (/usr/share/texlive/texmf-dist/tex/generic/iftex/ifvtex.sty
Package: ifvtex 2019/10/25 v1.7 ifvtex legacy package. Use iftex instead.
 (/usr/share/texlive/texmf-dist/tex/generic/iftex/iftex.sty
Package: iftex 2022/02/03 v1.0f TeX engine tests
))
\Gm@cnth=\count197
\Gm@cntv=\count198
\c@Gm@tempcnt=\count199
\Gm@bindingoffset=\dimen150
\Gm@wd@mp=\dimen151
\Gm@odd@mp=\dimen152
\Gm@even@mp=\dimen153
\Gm@layoutwidth=\dimen154
\Gm@layoutheight=\dimen155
\Gm@layouthoffset=\dimen156
\Gm@layoutvoffset=\dimen157
\Gm@dimlist=\toks20
) (/usr/share/texlive/texmf-dist/tex/latex/amsmath/amsmath.sty
Package: amsmath 2023/05/13 v2.17o AMS math features
\@mathmargin=\skip52

For additional information on amsmath, use the `?' option.
(/usr/share/texlive/texmf-dist/tex/latex/amsmath/amstext.sty
Package: amstext 2021/08/26 v2.01 AMS text
 (/usr/share/texlive/texmf-dist/tex/latex/amsmath/amsgen.sty
File: amsgen.sty 1999/11/30 v2.0 generic functions
\@emptytoks=\toks21
\ex@=\dimen158
)) (/usr/share/texlive/texmf-dist/tex/latex/amsmath/amsbsy.sty
Package: amsbsy 1999/11/29 v1.2d Bold Symbols
\pmbraise@=\dimen159
) (/usr/share/texlive/texmf-dist/tex/latex/amsmath/amsopn.sty
Package: amsopn 2022/04/08 v2.04 operator names
)
\inf@bad=\count266
LaTeX Info: Redefining \frac on input line 234.
\uproot@=\count267
\leftroot@=\count268
LaTeX Info: Redefining \overline on input line 399.
LaTeX Info: Redefining \colon on input line 410.
\classnum@=\count269
\DOTSCASE@=\count270
LaTeX Info: Redefining \ldots on input line 496.
LaTeX Info: Redefining \dots on input line 499.
LaTeX Info: Redefining \cdots on input line 620.
\Mathstrutbox@=\box53
\strutbox@=\box54
LaTeX Info: Redefining \big on input line 722.
LaTeX Info: Redefining \Big on input line 723.
LaTeX Info: Redefining \bigg on input line 724.
LaTeX Info: Redefining \Bigg on input line 725.
\big@size=\dimen160
LaTeX Font Info:    Redeclaring font encoding OML on input line 743.
LaTeX Font Info:    Redeclaring font encoding OMS on input line 744.
\macc@depth=\count271
LaTeX Info: Redefining \bmod on input line 905.
LaTeX Info: Redefining \pmod on input line 910.
LaTeX Info: Redefining \smash on input line 940.
LaTeX Info: Redefining \relbar on input line 970.
LaTeX Info: Redefining \Relbar on input line 971.
\c@MaxMatrixCols=\count272
\dotsspace@=\muskip17
\c@parentequation=\count273
\dspbrk@lvl=\count274
\tag@help=\toks22
\row@=\count275
\column@=\count276
\maxfields@=\count277
\andhelp@=\toks23
\eqnshift@=\dimen161
\alignsep@=\dimen162
\tagshift@=\dimen163
\tagwidth@=\dimen164
\totwidth@=\dimen165
\lineht@=\dimen166
\@envbody=\toks24
\multlinegap=\skip53
\multlinetaggap=\skip54
\mathdisplay@stack=\toks25
LaTeX Info: Redefining \[ on input line 2953.
LaTeX Info: Redefining \] on input line 2954.
) (/usr/share/texlive/texmf-dist/tex/latex/pgf/frontendlayer/tikz.sty (/usr/share/texlive/texmf-dist/tex/latex/pgf/basiclayer/pgf.sty (/usr/share/texlive/texmf-dist/tex/latex/pgf/utilities/pgfrcs.sty (/usr/share/texlive/texmf-dist/tex/generic/pgf/utilities/pgfutil-common.tex
\pgfutil@everybye=\toks26
\pgfutil@tempdima=\dimen167
\pgfutil@tempdimb=\dimen168
) (/usr/share/texlive/texmf-dist/tex/generic/pgf/utilities/pgfutil-latex.def
\pgfutil@abb=\box55
) (/usr/share/texlive/texmf-dist/tex/generic/pgf/utilities/pgfrcs.code.tex (/usr/share/texlive/texmf-dist/tex/generic/pgf/pgf.revision.tex)
Package: pgfrcs 2023-01-15 v3.1.10 (3.1.10)
))
Package: pgf 2023-01-15 v3.1.10 (3.1.10)
 (/usr/share/texlive/texmf-dist/tex/latex/pgf/basiclayer/pgfcore.sty (/usr/share/texlive/texmf-dist/tex/latex/pgf/systemlayer/pgfsys.sty (/usr/share/texlive/texmf-dist/tex/generic/pgf/systemlayer/pgfsys.code.tex
Package: pgfsys 2023-01-15 v3.1.10 (3.1.10)
 (/usr/share/texlive/texmf-dist/tex/generic/pgf/utilities/pgfkeys.code.tex
\pgfkeys@pathtoks=\toks27
\pgfkeys@temptoks=\toks28
 (/usr/share/texlive/texmf-dist/tex/generic/pgf/utilities/pgfkeyslibraryfiltered.code.tex
\pgfkeys@tmptoks=\toks29
))
\pgf@x=\dimen169
\pgf@y=\dimen170
\pgf@xa=\dimen171
\pgf@ya=\dimen172
\pgf@xb=\dimen173
\pgf@yb=\dimen174
\pgf@xc=\dimen175
\pgf@yc=\dimen176
\pgf@xd=\dimen177
\pgf@yd=\dimen178
\w@pgf@writea=\write3
\r@pgf@reada=\read2
\c@pgf@counta=\count278
\c@pgf@countb=\count279
\c@pgf@countc=\count280
\c@pgf@countd=\count281
\t@pgf@toka=\toks30
\t@pgf@tokb=\toks31
\t@pgf@tokc=\toks32
\pgf@sys@id@count=\count282
 (/usr/share/texlive/texmf-dist/tex/generic/pgf/systemlayer/pgf.cfg
File: pgf.cfg 2023-01-15 v3.1.10 (3.1.10)
)
Driver file for pgf: pgfsys-pdftex.def
 (/usr/share/texlive/texmf-dist/tex/generic/pgf/systemlayer/pgfsys-pdftex.def
File: pgfsys-pdftex.def 2023-01-15 v3.1.10 (3.1.10)
 (/usr/share/texlive/texmf-dist/tex/generic/pgf/systemlayer/pgfsys-common-pdf.def
File: pgfsys-common-pdf.def 2023-01-15 v3.1.10 (3.1.10)
))) (/usr/share/texlive/texmf-dist/tex/generic/pgf/systemlayer/pgfsyssoftpath.code.tex
File: pgfsyssoftpath.code.tex 2023-01-15 v3.1.10 (3.1.10)
\pgfsyssoftpath@smallbuffer@items=\count283
\pgfsyssoftpath@bigbuffer@items=\count284
) (/usr/share/texlive/texmf-dist/tex/generic/pgf/systemlayer/pgfsysprotocol.code.tex
File: pgfsysprotocol.code.tex 2023-01-15 v3.1.10 (3.1.10)
)) (/usr/share/texlive/texmf-dist/tex/generic/pgf/basiclayer/pgfcore.code.tex
Package: pgfcore 2023-01-15 v3.1.10 (3.1.10)
 (/usr/share/texlive/texmf-dist/tex/generic/pgf/math/pgfmath.code.tex (/usr/share/texlive/texmf-dist/tex/generic/pgf/math/pgfmathutil.code.tex) (/usr/share/texlive/texmf-dist/tex/generic/pgf/math/pgfmathparser.code.tex
\pgfmath@dimen=\dimen179
\pgfmath@count=\count285
\pgfmath@box=\box56
\pgfmath@toks=\toks33
\pgfmath@stack@operand=\toks34
\pgfmath@stack@operation=\toks35
) (/usr/share/texlive/texmf-dist/tex/generic/pgf/math/pgfmathfunctions.code.tex) (/usr/share/texlive/texmf-dist/tex/generic/pgf/math/pgfmathfunctions.basic.code.tex) (/usr/share/texlive/texmf-dist/tex/generic/pgf/math/pgfmathfunctions.trigonometric.code.tex) (/usr/share/texlive/texmf-dist/tex/generic/pgf/math/pgfmathfunctions.random.code.tex) (/usr/share/texlive/texmf-dist/tex/generic/pgf/math/pgfmathfunctions.comparison.code.tex) (/usr/share/texlive/texmf-dist/tex/generic/pgf/math/pgfmathfunctions.base.code.tex) (/usr/share/texlive/texmf-dist/tex/generic/pgf/math/pgfmathfunctions.round.code.tex) (/usr/share/texlive/texmf-dist/tex/generic/pgf/math/pgfmathfunctions.misc.code.tex) (/usr/share/texlive/texmf-dist/tex/generic/pgf/math/pgfmathfunctions.integerarithmetics.code.tex) (/usr/share/texlive/texmf-dist/tex/generic/pgf/math/pgfmathcalc.code.tex) (/usr/share/texlive/texmf-dist/tex/generic/pgf/math/pgfmathfloat.code.tex
\c@pgfmathroundto@lastzeros=\count286
)) (/usr/share/texlive/texmf-dist/tex/generic/pgf/math/pgfint.code.tex) (/usr/share/texlive/texmf-dist/tex/generic/pgf/basiclayer/pgfcorepoints.code.tex
File: pgfcorepoints.code.tex 2023-01-15 v3.1.10 (3.1.10)
\pgf@picminx=\dimen180
\pgf@picmaxx=\dimen181
\pgf@picminy=\dimen182
\pgf@picmaxy=\dimen183
\pgf@pathminx=\dimen184
\pgf@pathmaxx=\dimen185
\pgf@pathminy=\dimen186
\pgf@pathmaxy=\dimen187
\pgf@xx=\dimen188
\pgf@xy=\dimen189
\pgf@yx=\dimen190
\pgf@yy=\dimen191
\pgf@zx=\dimen192
\pgf@zy=\dimen193
) (/usr/share/texlive/texmf-dist/tex/generic/pgf/basiclayer/pgfcorepathconstruct.code.tex
File: pgfcorepathconstruct.code.tex 2023-01-15 v3.1.10 (3.1.10)
\pgf@path@lastx=\dimen194
\pgf@path@lasty=\dimen195
) (/usr/share/texlive/texmf-dist/tex/generic/pgf/basiclayer/pgfcorepathusage.code.tex
File: pgfcorepathusage.code.tex 2023-01-15 v3.1.10 (3.1.10)
\pgf@shorten@end@additional=\dimen196
\pgf@shorten@start@additional=\dimen197
) (/usr/share/texlive/texmf-dist/tex/generic/pgf/basiclayer/pgfcorescopes.code.tex
File: pgfcorescopes.code.tex 2023-01-15 v3.1.10 (3.1.10)
\pgfpic=\box57
\pgf@hbox=\box58
\pgf@layerbox@main=\box59
\pgf@picture@serial@count=\count287
) (/usr/share/texlive/texmf-dist/tex/generic/pgf/basiclayer/pgfcoregraphicstate.code.tex
File: pgfcoregraphicstate.code.tex 2023-01-15 v3.1.10 (3.1.10)
\pgflinewidth=\dimen198
) (/usr/share/texlive/texmf-dist/tex/generic/pgf/basiclayer/pgfcoretransformations.code.tex
File: pgfcoretransformations.code.tex 2023-01-15 v3.1.10 (3.1.10)
\pgf@pt@x=\dimen199
\pgf@pt@y=\dimen256
\pgf@pt@temp=\dimen257
) (/usr/share/texlive/texmf-dist/tex/generic/pgf/basiclayer/pgfcorequick.code.tex
File: pgfcorequick.code.tex 2023-01-15 v3.1.10 (3.1.10)
) (/usr/share/texlive/texmf-dist/tex/generic/pgf/basiclayer/pgfcoreobjects.code.tex
File: pgfcoreobjects.code.tex 2023-01-15 v3.1.10 (3.1.10)
) (/usr/share/texlive/texmf-dist/tex/generic/pgf/basiclayer/pgfcorepathprocessing.code.tex
File: pgfcorepathprocessing.code.tex 2023-01-15 v3.1.10 (3.1.10)
) (/usr/share/texlive/texmf-dist/tex/generic/pgf/basiclayer/pgfcorearrows.code.tex
File: pgfcorearrows.code.tex 2023-01-15 v3.1.10 (3.1.10)
\pgfarrowsep=\dimen258
) (/usr/share/texlive/texmf-dist/tex/generic/pgf/basiclayer/pgfcoreshade.code.tex
File: pgfcoreshade.code.tex 2023-01-15 v3.1.10 (3.1.10)
\pgf@max=\dimen259
\pgf@sys@shading@range@num=\count288
\pgf@shadingcount=\count289
) (/usr/share/texlive/texmf-dist/tex/generic/pgf/basiclayer/pgfcoreimage.code.tex
File: pgfcoreimage.code.tex 2023-01-15 v3.1.10 (3.1.10)
) (/usr/share/texlive/texmf-dist/tex/generic/pgf/basiclayer/pgfcoreexternal.code.tex
File: pgfcoreexternal.code.tex 2023-01-15 v3.1.10 (3.1.10)
\pgfexternal@startupbox=\box60
) (/usr/share/texlive/texmf-dist/tex/generic/pgf/basiclayer/pgfcorelayers.code.tex
File: pgfcorelayers.code.tex 2023-01-15 v3.1.10 (3.1.10)
) (/usr/share/texlive/texmf-dist/tex/generic/pgf/basiclayer/pgfcoretransparency.code.tex
File: pgfcoretransparency.code.tex 2023-01-15 v3.1.10 (3.1.10)
) (/usr/share/texlive/texmf-dist/tex/generic/pgf/basiclayer/pgfcorepatterns.code.tex
File: pgfcorepatterns.code.tex 2023-01-15 v3.1.10 (3.1.10)
) (/usr/share/texlive/texmf-dist/tex/generic/pgf/basiclayer/pgfcorerdf.code.tex
File: pgfcorerdf.code.tex 2023-01-15 v3.1.10 (3.1.10)
))) (/usr/share/texlive/texmf-dist/tex/generic/pgf/modules/pgfmoduleshapes.code.tex
File: pgfmoduleshapes.code.tex 2023-01-15 v3.1.10 (3.1.10)
\pgfnodeparttextbox=\box61
) (/usr/share/texlive/texmf-dist/tex/generic/pgf/modules/pgfmoduleplot.code.tex
File: pgfmoduleplot.code.tex 2023-01-15 v3.1.10 (3.1.10)
) (/usr/share/texlive/texmf-dist/tex/latex/pgf/compatibility/pgfcomp-version-0-65.sty
Package: pgfcomp-version-0-65 2023-01-15 v3.1.10 (3.1.10)
\pgf@nodesepstart=\dimen260
\pgf@nodesepend=\dimen261
) (/usr/share/texlive/texmf-dist/tex/latex/pgf/compatibility/pgfcomp-version-1-18.sty
Package: pgfcomp-version-1-18 2023-01-15 v3.1.10 (3.1.10)
)) (/usr/share/texlive/texmf-dist/tex/latex/pgf/utilities/pgffor.sty (/usr/share/texlive/texmf-dist/tex/latex/pgf/utilities/pgfkeys.sty (/usr/share/texlive/texmf-dist/tex/generic/pgf/utilities/pgfkeys.code.tex)) (/usr/share/texlive/texmf-dist/tex/latex/pgf/math/pgfmath.sty (/usr/share/texlive/texmf-dist/tex/generic/pgf/math/pgfmath.code.tex)) (/usr/share/texlive/texmf-dist/tex/generic/pgf/utilities/pgffor.code.tex
Package: pgffor 2023-01-15 v3.1.10 (3.1.10)
\pgffor@iter=\dimen262
\pgffor@skip=\dimen263
\pgffor@stack=\toks36
\pgffor@toks=\toks37
)) (/usr/share/texlive/texmf-dist/tex/generic/pgf/frontendlayer/tikz/tikz.code.tex
Package: tikz 2023-01-15 v3.1.10 (3.1.10)
 (/usr/share/texlive/texmf-dist/tex/generic/pgf/libraries/pgflibraryplothandlers.code.tex
File: pgflibraryplothandlers.code.tex 2023-01-15 v3.1.10 (3.1.10)
\pgf@plot@mark@count=\count290
\pgfplotmarksize=\dimen264
)
\tikz@lastx=\dimen265
\tikz@lasty=\dimen266
\tikz@lastxsaved=\dimen267
\tikz@lastysaved=\dimen268
\tikz@lastmovetox=\dimen269
\tikz@lastmovetoy=\dimen270
\tikzleveldistance=\dimen271
\tikzsiblingdistance=\dimen272
\tikz@figbox=\box62
\tikz@figbox@bg=\box63
\tikz@tempbox=\box64
\tikz@tempbox@bg=\box65
\tikztreelevel=\count291
\tikznumberofchildren=\count292
\tikznumberofcurrentchild=\count293
\tikz@fig@count=\count294
 (/usr/share/texlive/texmf-dist/tex/generic/pgf/modules/pgfmodulematrix.code.tex
File: pgfmodulematrix.code.tex 2023-01-15 v3.1.10 (3.1.10)
\pgfmatrixcurrentrow=\count295
\pgfmatrixcurrentcolumn=\count296
\pgf@matrix@numberofcolumns=\count297
)
\tikz@expandcount=\count298
 (/usr/share/texlive/texmf-dist/tex/generic/pgf/frontendlayer/tikz/libraries/tikzlibrarytopaths.code.tex
File: tikzlibrarytopaths.code.tex 2023-01-15 v3.1.10 (3.1.10)
))) (/usr/share/texlive/texmf-dist/tex/generic/pgf/frontendlayer/tikz/libraries/tikzlibraryshapes.code.tex
File: tikzlibraryshapes.code.tex 2023-01-15 v3.1.10 (3.1.10)
 (/usr/share/texlive/texmf-dist/tex/generic/pgf/frontendlayer/tikz/libraries/tikzlibraryshapes.geometric.code.tex
File: tikzlibraryshapes.geometric.code.tex 2023-01-15 v3.1.10 (3.1.10)
 (/usr/share/texlive/texmf-dist/tex/generic/pgf/libraries/shapes/pgflibraryshapes.geometric.code.tex
File: pgflibraryshapes.geometric.code.tex 2023-01-15 v3.1.10 (3.1.10)
)) (/usr/share/texlive/texmf-dist/tex/generic/pgf/frontendlayer/tikz/libraries/tikzlibraryshapes.misc.code.tex
File: tikzlibraryshapes.misc.code.tex 2023-01-15 v3.1.10 (3.1.10)
 (/usr/share/texlive/texmf-dist/tex/generic/pgf/libraries/shapes/pgflibraryshapes.misc.code.tex
File: pgflibraryshapes.misc.code.tex 2023-01-15 v3.1.10 (3.1.10)
)) (/usr/share/texlive/texmf-dist/tex/generic/pgf/frontendlayer/tikz/libraries/tikzlibraryshapes.symbols.code.tex
File: tikzlibraryshapes.symbols.code.tex 2023-01-15 v3.1.10 (3.1.10)
 (/usr/share/texlive/texmf-dist/tex/generic/pgf/libraries/shapes/pgflibraryshapes.symbols.code.tex
File: pgflibraryshapes.symbols.code.tex 2023-01-15 v3.1.10 (3.1.10)
)) (/usr/share/texlive/texmf-dist/tex/generic/pgf/frontendlayer/tikz/libraries/tikzlibraryshapes.arrows.code.tex
File: tikzlibraryshapes.arrows.code.tex 2023-01-15 v3.1.10 (3.1.10)
 (/usr/share/texlive/texmf-dist/tex/generic/pgf/libraries/shapes/pgflibraryshapes.arrows.code.tex
File: pgflibraryshapes.arrows.code.tex 2023-01-15 v3.1.10 (3.1.10)
)) (/usr/share/texlive/texmf-dist/tex/generic/pgf/frontendlayer/tikz/libraries/tikzlibraryshapes.callouts.code.tex (/usr/share/texlive/texmf-dist/tex/generic/pgf/libraries/shapes/pgflibraryshapes.callouts.code.tex)) (/usr/share/texlive/texmf-dist/tex/generic/pgf/frontendlayer/tikz/libraries/tikzlibraryshapes.multipart.code.tex
File: tikzlibraryshapes.multipart.code.tex 2023-01-15 v3.1.10 (3.1.10)
 (/usr/share/texlive/texmf-dist/tex/generic/pgf/libraries/shapes/pgflibraryshapes.multipart.code.tex
File: pgflibraryshapes.multipart.code.tex 2023-01-15 v3.1.10 (3.1.10)
\pgfnodepartlowerbox=\box66
\pgfnodeparttwobox=\box67
\pgfnodepartthreebox=\box68
\pgfnodepartfourbox=\box69
\pgfnodeparttwentybox=\box70
\pgfnodepartnineteenbox=\box71
\pgfnodeparteighteenbox=\box72
\pgfnodepartseventeenbox=\box73
\pgfnodepartsixteenbox=\box74
\pgfnodepartfifteenbox=\box75
\pgfnodepartfourteenbox=\box76
\pgfnodepartthirteenbox=\box77
\pgfnodeparttwelvebox=\box78
\pgfnodepartelevenbox=\box79
\pgfnodeparttenbox=\box80
\pgfnodepartninebox=\box81
\pgfnodeparteightbox=\box82
\pgfnodepartsevenbox=\box83
\pgfnodepartsixbox=\box84
\pgfnodepartfivebox=\box85
))) (/usr/share/texlive/texmf-dist/tex/generic/pgf/frontendlayer/tikz/libraries/tikzlibraryarrows.code.tex
File: tikzlibraryarrows.code.tex 2023-01-15 v3.1.10 (3.1.10)
 (/usr/share/texlive/texmf-dist/tex/generic/pgf/libraries/pgflibraryarrows.code.tex
File: pgflibraryarrows.code.tex 2023-01-15 v3.1.10 (3.1.10)
\arrowsize=\dimen273
)) (/usr/share/texlive/texmf-dist/tex/latex/graphics/rotating.sty
Package: rotating 2016/08/11 v2.16d rotated objects in LaTeX
 (/usr/share/texlive/texmf-dist/tex/latex/base/ifthen.sty
Package: ifthen 2022/04/13 v1.1d Standard LaTeX ifthen package (DPC)
)
\c@r@tfl@t=\count299
\rotFPtop=\skip55
\rotFPbot=\skip56
\rot@float@box=\box86
\rot@mess@toks=\toks38
) (/usr/share/texlive/texmf-dist/tex/generic/pgf/frontendlayer/tikz/libraries/tikzlibrarypositioning.code.tex
File: tikzlibrarypositioning.code.tex 2023-01-15 v3.1.10 (3.1.10)
) (/usr/share/texlive/texmf-dist/tex/latex/float/float.sty
Package: float 2001/11/08 v1.3d Float enhancements (AL)
\c@float@type=\count300
\float@exts=\toks39
\float@box=\box87
\@float@everytoks=\toks40
\@floatcapt=\box88
) (/usr/share/texlive/texmf-dist/tex/latex/algorithms/algorithm.sty
Package: algorithm 2009/08/24 v0.1 Document Style `algorithm' - floating environment
\@float@every@algorithm=\toks41
\c@algorithm=\count301
) (/usr/share/texlive/texmf-dist/tex/latex/algorithmicx/algpseudocode.sty
Package: algpseudocode 
 (/usr/share/texlive/texmf-dist/tex/latex/algorithmicx/algorithmicx.sty
Package: algorithmicx 2005/04/27 v1.2 Algorithmicx

Document Style algorithmicx 1.2 - a greatly improved `algorithmic' style
\c@ALG@line=\count302
\c@ALG@rem=\count303
\c@ALG@nested=\count304
\ALG@tlm=\skip57
\ALG@thistlm=\skip58
\c@ALG@Lnr=\count305
\c@ALG@blocknr=\count306
\c@ALG@storecount=\count307
\c@ALG@tmpcounter=\count308
\ALG@tmplength=\skip59
)
Document Style - pseudocode environments for use with the `algorithmicx' style
) (/usr/share/texlive/texmf-dist/tex/generic/pgf/libraries/pgflibraryarrows.meta.code.tex
File: pgflibraryarrows.meta.code.tex 2023-01-15 v3.1.10 (3.1.10)
\pgfarrowinset=\dimen274
\pgfarrowlength=\dimen275
\pgfarrowwidth=\dimen276
\pgfarrowlinewidth=\dimen277
) (/usr/share/texlive/texmf-dist/tex/latex/setspace/setspace.sty
Package: setspace 2022/12/04 v6.7b set line spacing
) (/usr/share/texlive/texmf-dist/tex/latex/titlesec/titlesec.sty
Package: titlesec 2023/10/27 v2.16 Sectioning titles
\ttl@box=\box89
\beforetitleunit=\skip60
\aftertitleunit=\skip61
\ttl@plus=\dimen278
\ttl@minus=\dimen279
\ttl@toksa=\toks42
\titlewidth=\dimen280
\titlewidthlast=\dimen281
\titlewidthfirst=\dimen282
) (/usr/share/texlive/texmf-dist/tex/latex/circuitikz/circuitikz.sty
Package: circuitikz 2023/12/09{} The CircuiTikz circuit drawing package version 1.6.6
 (/usr/share/texlive/texmf-dist/tex/generic/pgf/frontendlayer/tikz/libraries/tikzlibrarycalc.code.tex
File: tikzlibrarycalc.code.tex 2023-01-15 v3.1.10 (3.1.10)
) (/usr/share/texlive/texmf-dist/tex/generic/pgf/frontendlayer/tikz/libraries/tikzlibrarybending.code.tex
File: tikzlibrarybending.code.tex 2023-01-15 v3.1.10 (3.1.10)
 (/usr/share/texlive/texmf-dist/tex/generic/pgf/modules/pgfmodulebending.code.tex
File: pgfmodulebending.code.tex 2023-01-15 v3.1.10 (3.1.10)
 (/usr/share/texlive/texmf-dist/tex/generic/pgf/modules/pgfmodulenonlineartransformations.code.tex
File: pgfmodulenonlineartransformations.code.tex 2023-01-15 v3.1.10 (3.1.10)
\pgftransformnonlinearflatness=\dimen283
) (/usr/share/texlive/texmf-dist/tex/generic/pgf/libraries/pgflibrarycurvilinear.code.tex
File: pgflibrarycurvilinear.code.tex 2023-01-15 v3.1.10 (3.1.10)
\pgf@curvilinear@time@a=\dimen284
\pgf@curvilinear@length@a=\dimen285
\pgf@curvilinear@length@b=\dimen286
\pgf@curvilinear@length@c=\dimen287
\pgf@curvilinear@length@d=\dimen288
)
\pgf@arrows@the@rigidity=\dimen289
)) (/usr/share/texlive/texmf-dist/tex/generic/pgf/frontendlayer/tikz/libraries/tikzlibraryfpu.code.tex (/usr/share/texlive/texmf-dist/tex/generic/pgf/libraries/pgflibraryfpu.code.tex)) (/usr/share/texlive/texmf-dist/tex/generic/circuitikz/pgfcirc.defines.tex
\pgf@circ@count@a=\count309
\pgf@circ@count@b=\count310
\pgf@circ@count@c=\count311
\pgf@circ@res@up=\dimen290
\pgf@circ@res@down=\dimen291
\pgf@circ@res@zero=\dimen292
\pgf@circ@res@left=\dimen293
\pgf@circ@res@right=\dimen294
\pgf@circ@res@other=\dimen295
\pgf@circ@res@step=\dimen296
\pgf@circ@res@temp=\dimen297
\pgf@circ@Rlen=\dimen298
\pgf@circ@scaled@Rlen=\dimen299
\pgfstartlinewidth=\dimen300
) (/usr/share/texlive/texmf-dist/tex/generic/circuitikz/pgfcircutils.tex
\ctikz@scratchbox=\box90
) (/usr/share/texlive/texmf-dist/tex/generic/circuitikz/pgfcircpath.tex) (/usr/share/texlive/texmf-dist/tex/generic/circuitikz/pgfcircshapes.tex) (/usr/share/texlive/texmf-dist/tex/generic/circuitikz/pgfcircmonopoles.tex) (/usr/share/texlive/texmf-dist/tex/generic/circuitikz/pgfcircbipoles.tex) (/usr/share/texlive/texmf-dist/tex/generic/circuitikz/pgfcirctripoles.tex
\pgf@circ@res@count=\count312
) (/usr/share/texlive/texmf-dist/tex/generic/circuitikz/pgfcircquadpoles.tex) (/usr/share/texlive/texmf-dist/tex/generic/circuitikz/pgfcircmultipoles.tex) (/usr/share/texlive/texmf-dist/tex/generic/circuitikz/pgfcirclabel.tex) (/usr/share/texlive/texmf-dist/tex/generic/circuitikz/pgfcircvoltage.tex
\pgfcirc@labelshift=\dimen301
) (/usr/share/texlive/texmf-dist/tex/generic/circuitikz/pgfcirccurrent.tex) (/usr/share/texlive/texmf-dist/tex/generic/circuitikz/pgfcircflow.tex)) (/usr/share/texlive/texmf-dist/tex/latex/pgfplots/pgfplots.sty (/usr/share/texlive/texmf-dist/tex/generic/pgfplots/pgfplots.revision.tex)
Package: pgfplots 2021/05/15 v1.18.1 Data Visualization (1.18.1)
 (/usr/share/texlive/texmf-dist/tex/generic/pgfplots/pgfplots.code.tex (/usr/share/texlive/texmf-dist/tex/generic/pgfplots/pgfplotscore.code.tex
\t@pgfplots@toka=\toks43
\t@pgfplots@tokb=\toks44
\t@pgfplots@tokc=\toks45
\pgfplots@tmpa=\dimen302
\c@pgfplots@coordindex=\count313
\c@pgfplots@scanlineindex=\count314
 (/usr/share/texlive/texmf-dist/tex/generic/pgfplots/sys/pgfplotssysgeneric.code.tex)) (/usr/share/texlive/texmf-dist/tex/generic/pgfplots/libs/pgfplotslibrary.code.tex) (/usr/share/texlive/texmf-dist/tex/generic/pgfplots/oldpgfcompatib/pgfplotsoldpgfsupp_loader.code.tex
Package pgfplots: loading complementary utilities for your pgf version...
\t@pgf@toka=\toks46
\t@pgf@tokb=\toks47
\t@pgf@tokc=\toks48
(/usr/share/texlive/texmf-dist/tex/generic/pgfplots/oldpgfcompatib/pgfplotsoldpgfsupp_pgfutil-common-lists.tex)) (/usr/share/texlive/texmf-dist/tex/generic/pgfplots/util/pgfplotsutil.code.tex (/usr/share/texlive/texmf-dist/tex/generic/pgfplots/liststructure/pgfplotsliststructure.code.tex) (/usr/share/texlive/texmf-dist/tex/generic/pgfplots/liststructure/pgfplotsliststructureext.code.tex) (/usr/share/texlive/texmf-dist/tex/generic/pgfplots/liststructure/pgfplotsarray.code.tex
\c@pgfplotsarray@tmp=\count315
) (/usr/share/texlive/texmf-dist/tex/generic/pgfplots/liststructure/pgfplotsmatrix.code.tex) (/usr/share/texlive/texmf-dist/tex/generic/pgfplots/numtable/pgfplotstableshared.code.tex
\c@pgfplotstable@counta=\count316
\t@pgfplotstable@a=\toks49
) (/usr/share/texlive/texmf-dist/tex/generic/pgfplots/liststructure/pgfplotsdeque.code.tex) (/usr/share/texlive/texmf-dist/tex/generic/pgfplots/util/pgfplotsbinary.code.tex (/usr/share/texlive/texmf-dist/tex/generic/pgfplots/util/pgfplotsbinary.data.code.tex)) (/usr/share/texlive/texmf-dist/tex/generic/pgfplots/util/pgfplotsutil.verb.code.tex) (/usr/share/texlive/texmf-dist/tex/generic/pgfplots/libs/pgflibrarypgfplots.surfshading.code.tex
\c@pgfplotslibrarysurf@no=\count317
 (/usr/share/texlive/texmf-dist/tex/generic/pgfplots/sys/pgflibrarypgfplots.surfshading.pgfsys-pdftex.def))) (/usr/share/texlive/texmf-dist/tex/generic/pgfplots/util/pgfplotscolormap.code.tex (/usr/share/texlive/texmf-dist/tex/generic/pgfplots/util/pgfplotscolor.code.tex)) (/usr/share/texlive/texmf-dist/tex/generic/pgfplots/pgfplotsstackedplots.code.tex) (/usr/share/texlive/texmf-dist/tex/generic/pgfplots/pgfplotsplothandlers.code.tex (/usr/share/texlive/texmf-dist/tex/generic/pgfplots/pgfplotsmeshplothandler.code.tex (/usr/share/texlive/texmf-dist/tex/generic/pgfplots/pgfplotsmeshplotimage.code.tex))) (/usr/share/texlive/texmf-dist/tex/generic/pgfplots/pgfplots.scaling.code.tex) (/usr/share/texlive/texmf-dist/tex/generic/pgfplots/pgfplotscoordprocessing.code.tex) (/usr/share/texlive/texmf-dist/tex/generic/pgfplots/pgfplots.errorbars.code.tex) (/usr/share/texlive/texmf-dist/tex/generic/pgfplots/pgfplots.markers.code.tex) (/usr/share/texlive/texmf-dist/tex/generic/pgfplots/pgfplotsticks.code.tex) (/usr/share/texlive/texmf-dist/tex/generic/pgfplots/pgfplots.paths.code.tex) (/usr/share/texlive/texmf-dist/tex/generic/pgf/frontendlayer/tikz/libraries/tikzlibrarydecorations.code.tex (/usr/share/texlive/texmf-dist/tex/generic/pgf/modules/pgfmoduledecorations.code.tex
\pgfdecoratedcompleteddistance=\dimen303
\pgfdecoratedremainingdistance=\dimen304
\pgfdecoratedinputsegmentcompleteddistance=\dimen305
\pgfdecoratedinputsegmentremainingdistance=\dimen306
\pgf@decorate@distancetomove=\dimen307
\pgf@decorate@repeatstate=\count318
\pgfdecorationsegmentamplitude=\dimen308
\pgfdecorationsegmentlength=\dimen309
)
\tikz@lib@dec@box=\box91
) (/usr/share/texlive/texmf-dist/tex/generic/pgf/frontendlayer/tikz/libraries/tikzlibrarydecorations.pathmorphing.code.tex (/usr/share/texlive/texmf-dist/tex/generic/pgf/libraries/decorations/pgflibrarydecorations.pathmorphing.code.tex)) (/usr/share/texlive/texmf-dist/tex/generic/pgf/frontendlayer/tikz/libraries/tikzlibrarydecorations.pathreplacing.code.tex (/usr/share/texlive/texmf-dist/tex/generic/pgf/libraries/decorations/pgflibrarydecorations.pathreplacing.code.tex)) (/usr/share/texlive/texmf-dist/tex/generic/pgfplots/libs/tikzlibrarypgfplots.contourlua.code.tex)
\pgfplots@numplots=\count319
\pgfplots@xmin@reg=\dimen310
\pgfplots@xmax@reg=\dimen311
\pgfplots@ymin@reg=\dimen312
\pgfplots@ymax@reg=\dimen313
\pgfplots@zmin@reg=\dimen314
\pgfplots@zmax@reg=\dimen315
) (/usr/share/texlive/texmf-dist/tex/generic/pgf/frontendlayer/tikz/libraries/tikzlibraryplotmarks.code.tex
File: tikzlibraryplotmarks.code.tex 2023-01-15 v3.1.10 (3.1.10)
 (/usr/share/texlive/texmf-dist/tex/generic/pgf/libraries/pgflibraryplotmarks.code.tex
File: pgflibraryplotmarks.code.tex 2023-01-15 v3.1.10 (3.1.10)
))) (/usr/share/texlive/texmf-dist/tex/latex/amsfonts/amssymb.sty
Package: amssymb 2013/01/14 v3.01 AMS font symbols
 (/usr/share/texlive/texmf-dist/tex/latex/amsfonts/amsfonts.sty
Package: amsfonts 2013/01/14 v3.01 Basic AMSFonts support
\symAMSa=\mathgroup4
\symAMSb=\mathgroup5
LaTeX Font Info:    Redeclaring math symbol \hbar on input line 98.
LaTeX Font Info:    Overwriting math alphabet `\mathfrak' in version `bold'
(Font)                  U/euf/m/n --> U/euf/b/n on input line 106.
)) (/usr/share/texlive/texmf-dist/tex/latex/amscls/amsthm.sty
Package: amsthm 2020/05/29 v2.20.6
\thm@style=\toks50
\thm@bodyfont=\toks51
\thm@headfont=\toks52
\thm@notefont=\toks53
\thm@headpunct=\toks54
\thm@preskip=\skip62
\thm@postskip=\skip63
\thm@headsep=\skip64
\dth@everypar=\toks55
) (/usr/share/texlive/texmf-dist/tex/latex/booktabs/booktabs.sty
Package: booktabs 2020/01/12 v1.61803398 Publication quality tables
\heavyrulewidth=\dimen316
\lightrulewidth=\dimen317
\cmidrulewidth=\dimen318
\belowrulesep=\dimen319
\belowbottomsep=\dimen320
\aboverulesep=\dimen321
\abovetopsep=\dimen322
\cmidrulesep=\dimen323
\cmidrulekern=\dimen324
\defaultaddspace=\dimen325
\@cmidla=\count320
\@cmidlb=\count321
\@aboverulesep=\dimen326
\@belowrulesep=\dimen327
\@thisruleclass=\count322
\@lastruleclass=\count323
\@thisrulewidth=\dimen328
) (/usr/share/texlive/texmf-dist/tex/latex/colortbl/colortbl.sty
Package: colortbl 2022/06/20 v1.0f Color table columns (DPC)
\everycr=\toks56
\minrowclearance=\skip65
\rownum=\count324
) (/usr/share/texlive/texmf-dist/tex/latex/tcolorbox/tcolorbox.sty
Package: tcolorbox 2024/01/10 version 6.2.0 text color boxes
 (/usr/share/texlive/texmf-dist/tex/latex/tools/verbatim.sty
Package: verbatim 2023-11-06 v1.5v LaTeX2e package for verbatim enhancements
\every@verbatim=\toks57
\verbatim@line=\toks58
\verbatim@in@stream=\read3
) (/usr/share/texlive/texmf-dist/tex/latex/environ/environ.sty
Package: environ 2014/05/04 v0.3 A new way to define environments
 (/usr/share/texlive/texmf-dist/tex/latex/trimspaces/trimspaces.sty
Package: trimspaces 2009/09/17 v1.1 Trim spaces around a token list
))
\tcb@titlebox=\box92
\tcb@upperbox=\box93
\tcb@lowerbox=\box94
\tcb@phantombox=\box95
\c@tcbbreakpart=\count325
\c@tcblayer=\count326
\c@tcolorbox@number=\count327
\l__tcobox_tmpa_box=\box96
\l__tcobox_tmpa_dim=\dimen329
\tcb@temp=\box97
\tcb@temp=\box98
\tcb@temp=\box99
\tcb@temp=\box100
) (/usr/share/texlive/texmf-dist/tex/latex/wrapfig/wrapfig.sty
\wrapoverhang=\dimen330
\WF@size=\dimen331
\c@WF@wrappedlines=\count328
\WF@box=\box101
\WF@everypar=\toks59
Package: wrapfig 2003/01/31  v 3.6
) (/usr/share/texlive/texmf-dist/tex/latex/media9/media9.sty
Package: media9 2022/08/04 v1.25 acrobat-9/X compatible media
\g_mix_pkgresizeflag_int=\count329
 (/usr/share/texlive/texmf-dist/tex/latex/media9/pdfbase.sty
Package: pdfbase 2022/08/04 v0.55 driver independent access to low-level PDF features
 (/usr/share/texlive/texmf-dist/tex/latex/l3backend/l3backend-pdftex.def
File: l3backend-pdftex.def 2024-01-04 L3 backend support: PDF output (pdfTeX)
\l__color_backend_stack_int=\count330
\l__pdf_internal_box=\box102
)
\g_pbs_page_int=\count331
\g_pbs_oc_int=\count332
) (/usr/share/texlive/texmf-dist/tex/latex/ocgx2/ocgbase.sty
Package: ocgbase 2022/08/04 v0.22 support package for ocgx2.sty
\g_ocgbase_nd_int=\count333
)
\l_mix_poster_box=\box103
\g_mix_wd_dim=\dimen332
\g_mix_ht_dim=\dimen333
\g_mix_dp_dim=\dimen334
\g_mix_rmcnt_int=\count334
\l_mix_viewcnt_int=\count335
\g@mix@page@int=\count336
\g_mix_resizeflag_int=\count337
\l_mix_lineno_int=\count338
\l_mix_pbtn_box=\box104
\g_mix_mbtncnt_int=\count339
\mix@btn@dim=\dimen335
) (/usr/share/texlive/texmf-dist/tex/latex/siunitx/siunitx.sty
Package: siunitx 2024-01-25 v3.3.10 A comprehensive (SI) units package
\l__siunitx_number_uncert_offset_int=\count340
\l__siunitx_number_exponent_fixed_int=\count341
\l__siunitx_number_min_decimal_int=\count342
\l__siunitx_number_min_integer_int=\count343
\l__siunitx_number_round_precision_int=\count344
\l__siunitx_number_lower_threshold_int=\count345
\l__siunitx_number_upper_threshold_int=\count346
\l__siunitx_number_group_first_int=\count347
\l__siunitx_number_group_size_int=\count348
\l__siunitx_number_group_minimum_int=\count349
\l__siunitx_angle_tmp_dim=\dimen336
\l__siunitx_angle_marker_box=\box105
\l__siunitx_angle_unit_box=\box106
\l__siunitx_compound_count_int=\count350
 (/usr/share/texlive/texmf-dist/tex/latex/translations/translations.sty
Package: translations 2022/02/05 v1.12 internationalization of LaTeX2e packages (CN)
 (/usr/share/texlive/texmf-dist/tex/generic/pdftexcmds/pdftexcmds.sty
Package: pdftexcmds 2020-06-27 v0.33 Utility functions of pdfTeX for LuaTeX (HO)
 (/usr/share/texlive/texmf-dist/tex/generic/infwarerr/infwarerr.sty
Package: infwarerr 2019/12/03 v1.5 Providing info/warning/error messages (HO)
)
Package pdftexcmds Info: \pdf@primitive is available.
Package pdftexcmds Info: \pdf@ifprimitive is available.
Package pdftexcmds Info: \pdfdraftmode found.
))
\l__siunitx_table_tmp_box=\box107
\l__siunitx_table_tmp_dim=\dimen337
\l__siunitx_table_column_width_dim=\dimen338
\l__siunitx_table_integer_box=\box108
\l__siunitx_table_decimal_box=\box109
\l__siunitx_table_uncert_box=\box110
\l__siunitx_table_before_box=\box111
\l__siunitx_table_after_box=\box112
\l__siunitx_table_before_dim=\dimen339
\l__siunitx_table_carry_dim=\dimen340
\l__siunitx_unit_tmp_int=\count351
\l__siunitx_unit_position_int=\count352
\l__siunitx_unit_total_int=\count353
) (/usr/share/texlive/texmf-dist/tex/latex/listings/listings.sty
\lst@mode=\count354
\lst@gtempboxa=\box113
\lst@token=\toks60
\lst@length=\count355
\lst@currlwidth=\dimen341
\lst@column=\count356
\lst@pos=\count357
\lst@lostspace=\dimen342
\lst@width=\dimen343
\lst@newlines=\count358
\lst@lineno=\count359
\lst@maxwidth=\dimen344
 (/usr/share/texlive/texmf-dist/tex/latex/listings/lstmisc.sty
File: lstmisc.sty 2023/02/27 1.9 (Carsten Heinz)
\c@lstnumber=\count360
\lst@skipnumbers=\count361
\lst@framebox=\box114
) (/usr/share/texlive/texmf-dist/tex/latex/listings/listings.cfg
File: listings.cfg 2023/02/27 1.9 listings configuration
))
Package: listings 2023/02/27 1.9 (Carsten Heinz)
 (/usr/share/texlive/texmf-dist/tex/latex/listings/lstlang1.sty
File: lstlang1.sty 2023/02/27 1.9 listings language file
) (/usr/share/texlive/texmf-dist/tex/latex/listings/lstmisc.sty
File: lstmisc.sty 2023/02/27 1.9 (Carsten Heinz)
)

Package geometry Warning: Over-specification in `h'-direction.
    `width' (537.75343pt) is ignored.


Package geometry Warning: Over-specification in `v'-direction.
    `height' (760.53699pt) is ignored.

(/usr/share/texlive/texmf-dist/tex/latex/enumitem/enumitem.sty
Package: enumitem 2019/06/20 v3.9 Customized lists
\labelindent=\skip66
\enit@outerparindent=\dimen345
\enit@toks=\toks61
\enit@inbox=\box115
\enit@count@id=\count362
\enitdp@description=\count363
) (/usr/share/texlive/texmf-dist/tex/latex/supertabular/supertabular.sty
Package: supertabular 2020/02/02 v4.1g the supertabular environment
\c@tracingst=\count364
\ST@wd=\dimen346
\ST@rightskip=\skip67
\ST@leftskip=\skip68
\ST@parfillskip=\skip69
\ST@pageleft=\dimen347
\ST@headht=\dimen348
\ST@tailht=\dimen349
\ST@pagesofar=\dimen350
\ST@pboxht=\dimen351
\ST@lineht=\dimen352
\ST@prevht=\dimen353
\ST@toadd=\dimen354
\ST@dimen=\dimen355
\ST@pbox=\box116
)
\fullcollw=\skip70
 (/usr/share/texlive/texmf-dist/tex/latex/tools/multicol.sty
Package: multicol 2023/03/30 v1.9f multicolumn formatting (FMi)
\c@tracingmulticols=\count365
\mult@box=\box117
\multicol@leftmargin=\dimen356
\c@unbalance=\count366
\c@collectmore=\count367
\doublecol@number=\count368
\multicoltolerance=\count369
\multicolpretolerance=\count370
\full@width=\dimen357
\page@free=\dimen358
\premulticols=\dimen359
\postmulticols=\dimen360
\multicolsep=\skip71
\multicolbaselineskip=\skip72
\partial@page=\box118
\last@line=\box119
\mc@boxedresult=\box120
\maxbalancingoverflow=\dimen361
\mult@rightbox=\box121
\mult@grightbox=\box122
\mult@firstbox=\box123
\mult@gfirstbox=\box124
\@tempa=\box125
\@tempa=\box126
\@tempa=\box127
\@tempa=\box128
\@tempa=\box129
\@tempa=\box130
\@tempa=\box131
\@tempa=\box132
\@tempa=\box133
\@tempa=\box134
\@tempa=\box135
\@tempa=\box136
\@tempa=\box137
\@tempa=\box138
\@tempa=\box139
\@tempa=\box140
\@tempa=\box141
\@tempa=\box142
\@tempa=\box143
\@tempa=\box144
\@tempa=\box145
\@tempa=\box146
\@tempa=\box147
\@tempa=\box148
\@tempa=\box149
\@tempa=\box150
\@tempa=\box151
\@tempa=\box152
\@tempa=\box153
\@tempa=\box154
\@tempa=\box155
\@tempa=\box156
\@tempa=\box157
\@tempa=\box158
\@tempa=\box159
\@tempa=\box160
\c@minrows=\count371
\c@columnbadness=\count372
\c@finalcolumnbadness=\count373
\last@try=\dimen362
\multicolovershoot=\dimen363
\multicolundershoot=\dimen364
\mult@nat@firstbox=\box161
\colbreak@box=\box162
\mc@col@check@num=\count374
) (/usr/share/texlive/texmf-dist/tex/latex/multirow/multirow.sty
Package: multirow 2021/03/15 v2.8 Span multiple rows of a table
\multirow@colwidth=\skip73
\multirow@cntb=\count375
\multirow@dima=\skip74
\bigstrutjot=\dimen365
) (/usr/share/texlive/texmf-dist/tex/latex/biblatex/biblatex.sty
Package: biblatex 2023/03/05 v3.19 programmable bibliographies (PK/MW)
 (/usr/share/texlive/texmf-dist/tex/latex/logreq/logreq.sty
Package: logreq 2010/08/04 v1.0 xml request logger
\lrq@indent=\count376
 (/usr/share/texlive/texmf-dist/tex/latex/logreq/logreq.def
File: logreq.def 2010/08/04 v1.0 logreq spec v1.0
))
\c@tabx@nest=\count377
\c@listtotal=\count378
\c@listcount=\count379
\c@liststart=\count380
\c@liststop=\count381
\c@citecount=\count382
\c@citetotal=\count383
\c@multicitecount=\count384
\c@multicitetotal=\count385
\c@instcount=\count386
\c@maxnames=\count387
\c@minnames=\count388
\c@maxitems=\count389
\c@minitems=\count390
\c@citecounter=\count391
\c@maxcitecounter=\count392
\c@savedcitecounter=\count393
\c@uniquelist=\count394
\c@uniquename=\count395
\c@refsection=\count396
\c@refsegment=\count397
\c@maxextratitle=\count398
\c@maxextratitleyear=\count399
\c@maxextraname=\count400
\c@maxextradate=\count401
\c@maxextraalpha=\count402
\c@abbrvpenalty=\count403
\c@highnamepenalty=\count404
\c@lownamepenalty=\count405
\c@maxparens=\count406
\c@parenlevel=\count407
\blx@tempcnta=\count408
\blx@tempcntb=\count409
\blx@tempcntc=\count410
\c@blx@maxsection=\count411
\blx@maxsegment@0=\count412
\blx@notetype=\count413
\blx@parenlevel@text=\count414
\blx@parenlevel@foot=\count415
\blx@sectionciteorder@0=\count416
\blx@sectionciteorderinternal@0=\count417
\blx@entrysetcounter=\count418
\blx@biblioinstance=\count419
\labelnumberwidth=\skip75
\labelalphawidth=\skip76
\biblabelsep=\skip77
\bibitemsep=\skip78
\bibnamesep=\skip79
\bibinitsep=\skip80
\bibparsep=\skip81
\bibhang=\skip82
\blx@bcfin=\read4
\blx@bcfout=\write4
\blx@langwohyphens=\language89
\c@mincomprange=\count420
\c@maxcomprange=\count421
\c@mincompwidth=\count422
Package biblatex Info: Trying to load biblatex default data model...
Package biblatex Info: ... file 'blx-dm.def' found.
 (/usr/share/texlive/texmf-dist/tex/latex/biblatex/blx-dm.def
File: blx-dm.def 2023/03/05 v3.19 biblatex localization (PK/MW)
)
Package biblatex Info: Trying to load biblatex style data model...
Package biblatex Info: ... file 'authoryear.dbx' not found.
Package biblatex Info: Trying to load biblatex custom data model...
Package biblatex Info: ... file 'biblatex-dm.cfg' not found.
\c@afterword=\count423
\c@savedafterword=\count424
\c@annotator=\count425
\c@savedannotator=\count426
\c@author=\count427
\c@savedauthor=\count428
\c@bookauthor=\count429
\c@savedbookauthor=\count430
\c@commentator=\count431
\c@savedcommentator=\count432
\c@editor=\count433
\c@savededitor=\count434
\c@editora=\count435
\c@savededitora=\count436
\c@editorb=\count437
\c@savededitorb=\count438
\c@editorc=\count439
\c@savededitorc=\count440
\c@foreword=\count441
\c@savedforeword=\count442
\c@holder=\count443
\c@savedholder=\count444
\c@introduction=\count445
\c@savedintroduction=\count446
\c@namea=\count447
\c@savednamea=\count448
\c@nameb=\count449
\c@savednameb=\count450
\c@namec=\count451
\c@savednamec=\count452
\c@translator=\count453
\c@savedtranslator=\count454
\c@shortauthor=\count455
\c@savedshortauthor=\count456
\c@shorteditor=\count457
\c@savedshorteditor=\count458
\c@labelname=\count459
\c@savedlabelname=\count460
\c@institution=\count461
\c@savedinstitution=\count462
\c@lista=\count463
\c@savedlista=\count464
\c@listb=\count465
\c@savedlistb=\count466
\c@listc=\count467
\c@savedlistc=\count468
\c@listd=\count469
\c@savedlistd=\count470
\c@liste=\count471
\c@savedliste=\count472
\c@listf=\count473
\c@savedlistf=\count474
\c@location=\count475
\c@savedlocation=\count476
\c@organization=\count477
\c@savedorganization=\count478
\c@origlocation=\count479
\c@savedoriglocation=\count480
\c@origpublisher=\count481
\c@savedorigpublisher=\count482
\c@publisher=\count483
\c@savedpublisher=\count484
\c@language=\count485
\c@savedlanguage=\count486
\c@origlanguage=\count487
\c@savedoriglanguage=\count488
\c@pageref=\count489
\c@savedpageref=\count490
\shorthandwidth=\skip83
\shortjournalwidth=\skip84
\shortserieswidth=\skip85
\shorttitlewidth=\skip86
\shortauthorwidth=\skip87
\shorteditorwidth=\skip88
\locallabelnumberwidth=\skip89
\locallabelalphawidth=\skip90
\localshorthandwidth=\skip91
\localshortjournalwidth=\skip92
\localshortserieswidth=\skip93
\localshorttitlewidth=\skip94
\localshortauthorwidth=\skip95
\localshorteditorwidth=\skip96
Package biblatex Info: Trying to load compatibility code...
Package biblatex Info: ... file 'blx-compat.def' found.
 (/usr/share/texlive/texmf-dist/tex/latex/biblatex/blx-compat.def
File: blx-compat.def 2023/03/05 v3.19 biblatex compatibility (PK/MW)
)
Package biblatex Info: Trying to load generic definitions...
Package biblatex Info: ... file 'biblatex.def' found.
 (/usr/share/texlive/texmf-dist/tex/latex/biblatex/biblatex.def
File: biblatex.def 2023/03/05 v3.19 biblatex compatibility (PK/MW)
\c@textcitecount=\count491
\c@textcitetotal=\count492
\c@textcitemaxnames=\count493
\c@biburlbigbreakpenalty=\count494
\c@biburlbreakpenalty=\count495
\c@biburlnumpenalty=\count496
\c@biburlucpenalty=\count497
\c@biburllcpenalty=\count498
\biburlbigskip=\muskip18
\biburlnumskip=\muskip19
\biburlucskip=\muskip20
\biburllcskip=\muskip21
\c@smartand=\count499
)
Package biblatex Info: Trying to load bibliography style 'authoryear'...
Package biblatex Info: ... file 'authoryear.bbx' found.
 (/usr/share/texlive/texmf-dist/tex/latex/biblatex/bbx/authoryear.bbx
File: authoryear.bbx 2023/03/05 v3.19 biblatex bibliography style (PK/MW)
Package biblatex Info: Trying to load bibliography style 'standard'...
Package biblatex Info: ... file 'standard.bbx' found.
 (/usr/share/texlive/texmf-dist/tex/latex/biblatex/bbx/standard.bbx
File: standard.bbx 2023/03/05 v3.19 biblatex bibliography style (PK/MW)
\c@bbx:relatedcount=\count500
\c@bbx:relatedtotal=\count501
))
Package biblatex Info: Trying to load citation style 'authoryear'...
Package biblatex Info: ... file 'authoryear.cbx' found.
 (/usr/share/texlive/texmf-dist/tex/latex/biblatex/cbx/authoryear.cbx
File: authoryear.cbx 2023/03/05 v3.19 biblatex citation style (PK/MW)
Package biblatex Info: Redefining '\cite'.
Package biblatex Info: Redefining '\parencite'.
Package biblatex Info: Redefining '\footcite'.
Package biblatex Info: Redefining '\footcitetext'.
Package biblatex Info: Redefining '\smartcite'.
Package biblatex Info: Redefining '\textcite'.
Package biblatex Info: Redefining '\textcites'.
)
Package biblatex Info: Trying to load configuration file...
Package biblatex Info: ... file 'biblatex.cfg' found.
 (/usr/share/texlive/texmf-dist/tex/latex/biblatex/biblatex.cfg
File: biblatex.cfg 
)
Package biblatex Info: Input encoding 'utf8' detected.
Package biblatex Info: Document encoding is UTF8 ....
 (/usr/share/texlive/texmf-dist/tex/latex/l3kernel/expl3.sty
Package: expl3 2024-01-22 L3 programming layer (loader) 
)
Package biblatex Info: ... and expl3
(biblatex)             2024-01-22 L3 programming layer (loader) 
(biblatex)             is new enough (at least 2020/04/06),
(biblatex)             setting 'casechanger=expl3'.
 (/usr/share/texlive/texmf-dist/tex/latex/biblatex/blx-case-expl3.sty (/usr/share/texlive/texmf-dist/tex/latex/l3packages/xparse/xparse.sty
Package: xparse 2023-10-10 L3 Experimental document command parser
)
Package: blx-case-expl3 2023/03/05 v3.19 expl3 case changing code for biblatex
)) (/usr/share/texlive/texmf-dist/tex/latex/hyperref/hyperref.sty
Package: hyperref 2024-01-20 v7.01h Hypertext links for LaTeX
 (/usr/share/texlive/texmf-dist/tex/generic/kvdefinekeys/kvdefinekeys.sty
Package: kvdefinekeys 2019-12-19 v1.6 Define keys (HO)
) (/usr/share/texlive/texmf-dist/tex/generic/pdfescape/pdfescape.sty
Package: pdfescape 2019/12/09 v1.15 Implements pdfTeX's escape features (HO)
) (/usr/share/texlive/texmf-dist/tex/latex/hycolor/hycolor.sty
Package: hycolor 2020-01-27 v1.10 Color options for hyperref/bookmark (HO)
) (/usr/share/texlive/texmf-dist/tex/latex/auxhook/auxhook.sty
Package: auxhook 2019-12-17 v1.6 Hooks for auxiliary files (HO)
) (/usr/share/texlive/texmf-dist/tex/latex/hyperref/nameref.sty
Package: nameref 2023-11-26 v2.56 Cross-referencing by name of section
 (/usr/share/texlive/texmf-dist/tex/latex/refcount/refcount.sty
Package: refcount 2019/12/15 v3.6 Data extraction from label references (HO)
) (/usr/share/texlive/texmf-dist/tex/generic/gettitlestring/gettitlestring.sty
Package: gettitlestring 2019/12/15 v1.6 Cleanup title references (HO)
)
\c@section@level=\count502
)
\@linkdim=\dimen366
\Hy@linkcounter=\count503
\Hy@pagecounter=\count504
 (/usr/share/texlive/texmf-dist/tex/latex/hyperref/pd1enc.def
File: pd1enc.def 2024-01-20 v7.01h Hyperref: PDFDocEncoding definition (HO)
Now handling font encoding PD1 ...
... no UTF-8 mapping file for font encoding PD1
) (/usr/share/texlive/texmf-dist/tex/generic/intcalc/intcalc.sty
Package: intcalc 2019/12/15 v1.3 Expandable calculations with integers (HO)
)
\Hy@SavedSpaceFactor=\count505
 (/usr/share/texlive/texmf-dist/tex/latex/hyperref/puenc.def
File: puenc.def 2024-01-20 v7.01h Hyperref: PDF Unicode definition (HO)
Now handling font encoding PU ...
... no UTF-8 mapping file for font encoding PU
)
Package hyperref Info: Option `unicode' set `true' on input line 4062.
Package hyperref Info: Option `draft' set `false' on input line 4062.
Package hyperref Info: Hyper figures OFF on input line 4179.
Package hyperref Info: Link nesting OFF on input line 4184.
Package hyperref Info: Hyper index ON on input line 4187.
Package hyperref Info: Plain pages OFF on input line 4194.
Package hyperref Info: Backreferencing OFF on input line 4199.
Package hyperref Info: Implicit mode ON; LaTeX internals redefined.
Package hyperref Info: Bookmarks ON on input line 4446.
\c@Hy@tempcnt=\count506
LaTeX Info: Redefining \url on input line 4784.
\XeTeXLinkMargin=\dimen367
 (/usr/share/texlive/texmf-dist/tex/generic/bitset/bitset.sty
Package: bitset 2019/12/09 v1.3 Handle bit-vector datatype (HO)
 (/usr/share/texlive/texmf-dist/tex/generic/bigintcalc/bigintcalc.sty
Package: bigintcalc 2019/12/15 v1.5 Expandable calculations on big integers (HO)
))
\Fld@menulength=\count507
\Field@Width=\dimen368
\Fld@charsize=\dimen369
Package hyperref Info: Hyper figures OFF on input line 6063.
Package hyperref Info: Link nesting OFF on input line 6068.
Package hyperref Info: Hyper index ON on input line 6071.
Package hyperref Info: backreferencing OFF on input line 6078.
Package hyperref Info: Link coloring OFF on input line 6083.
Package hyperref Info: Link coloring with OCG OFF on input line 6088.
Package hyperref Info: PDF/A mode OFF on input line 6093.
 (/usr/share/texlive/texmf-dist/tex/latex/base/atbegshi-ltx.sty
Package: atbegshi-ltx 2021/01/10 v1.0c Emulation of the original atbegshi
package with kernel methods
)
\Hy@abspage=\count508
\c@Item=\count509
\c@Hfootnote=\count510
)
Package hyperref Info: Driver (autodetected): hpdftex.
 (/usr/share/texlive/texmf-dist/tex/latex/hyperref/hpdftex.def
File: hpdftex.def 2024-01-20 v7.01h Hyperref driver for pdfTeX
 (/usr/share/texlive/texmf-dist/tex/latex/base/atveryend-ltx.sty
Package: atveryend-ltx 2020/08/19 v1.0a Emulation of the original atveryend package
with kernel methods
)
\Fld@listcount=\count511
\c@bookmark@seq@number=\count512
 (/usr/share/texlive/texmf-dist/tex/latex/rerunfilecheck/rerunfilecheck.sty
Package: rerunfilecheck 2022-07-10 v1.10 Rerun checks for auxiliary files (HO)
 (/usr/share/texlive/texmf-dist/tex/generic/uniquecounter/uniquecounter.sty
Package: uniquecounter 2019/12/15 v1.4 Provide unlimited unique counter (HO)
)
Package uniquecounter Info: New unique counter `rerunfilecheck' on input line 285.
)
\Hy@SectionHShift=\skip97
)
Package hyperref Info: Option `colorlinks' set `true' on input line 180.
Package hyperref Info: Option `breaklinks' set `true' on input line 180.
) (/usr/share/texlive/texmf-dist/tex/latex/fontawesome5/fontawesome5.sty
Package: fontawesome5 2022/05/02 v5.15.4 Font Awesome 5
 (/usr/share/texlive/texmf-dist/tex/latex/l3packages/l3keys2e/l3keys2e.sty
Package: l3keys2e 2023-10-10 LaTeX2e option processing using LaTeX3 keys
) (/usr/share/texlive/texmf-dist/tex/latex/fontawesome5/fontawesome5-generic-helper.sty
Package: fontawesome5-generic-helper 2022/05/02 v5.15.4 non-uTeX helper for fontawesome5
 (/usr/share/texlive/texmf-dist/tex/latex/fontawesome5/fontawesome5-mapping.def)))
Package translations Info: No language package found. I am going to use `english' as default language. on input line 5.
\@quotelevel=\count513
\@quotereset=\count514
 (./finalReport.aux)
\openout1 = `finalReport.aux'.

LaTeX Font Info:    Checking defaults for OML/cmm/m/it on input line 5.
LaTeX Font Info:    ... okay on input line 5.
LaTeX Font Info:    Checking defaults for OMS/cmsy/m/n on input line 5.
LaTeX Font Info:    ... okay on input line 5.
LaTeX Font Info:    Checking defaults for OT1/cmr/m/n on input line 5.
LaTeX Font Info:    ... okay on input line 5.
LaTeX Font Info:    Checking defaults for T1/cmr/m/n on input line 5.
LaTeX Font Info:    ... okay on input line 5.
LaTeX Font Info:    Checking defaults for TS1/cmr/m/n on input line 5.
LaTeX Font Info:    ... okay on input line 5.
LaTeX Font Info:    Checking defaults for OMX/cmex/m/n on input line 5.
LaTeX Font Info:    ... okay on input line 5.
LaTeX Font Info:    Checking defaults for U/cmr/m/n on input line 5.
LaTeX Font Info:    ... okay on input line 5.
LaTeX Font Info:    Checking defaults for PD1/pdf/m/n on input line 5.
LaTeX Font Info:    ... okay on input line 5.
LaTeX Font Info:    Checking defaults for PU/pdf/m/n on input line 5.
LaTeX Font Info:    ... okay on input line 5.
 (/usr/share/texlive/texmf-dist/tex/context/base/mkii/supp-pdf.mkii
[Loading MPS to PDF converter (version 2006.09.02).]
\scratchcounter=\count515
\scratchdimen=\dimen370
\scratchbox=\box163
\nofMPsegments=\count516
\nofMParguments=\count517
\everyMPshowfont=\toks62
\MPscratchCnt=\count518
\MPscratchDim=\dimen371
\MPnumerator=\count519
\makeMPintoPDFobject=\count520
\everyMPtoPDFconversion=\toks63
) (/usr/share/texlive/texmf-dist/tex/latex/epstopdf-pkg/epstopdf-base.sty
Package: epstopdf-base 2020-01-24 v2.11 Base part for package epstopdf
Package epstopdf-base Info: Redefining graphics rule for `.eps' on input line 485.
 (/usr/share/texlive/texmf-dist/tex/latex/latexconfig/epstopdf-sys.cfg
File: epstopdf-sys.cfg 2010/07/13 v1.3 Configuration of (r)epstopdf for TeX Live
))
*geometry* driver: auto-detecting
*geometry* detected driver: pdftex
*geometry* verbose mode - [ preamble ] result:
* driver: pdftex
* paper: a4paper
* layout: <same size as paper>
* layoutoffset:(h,v)=(0.0pt,0.0pt)
* modes: 
* h-part:(L,W,R)=(72.26999pt, 452.9679pt, 72.26999pt)
* v-part:(T,H,B)=(72.26999pt, 700.50687pt, 72.26999pt)
* \paperwidth=597.50787pt
* \paperheight=845.04684pt
* \textwidth=452.9679pt
* \textheight=700.50687pt
* \oddsidemargin=0.0pt
* \evensidemargin=0.0pt
* \topmargin=-37.0pt
* \headheight=12.0pt
* \headsep=25.0pt
* \topskip=12.0pt
* \footskip=30.0pt
* \marginparwidth=35.0pt
* \marginparsep=10.0pt
* \columnsep=10.0pt
* \skip\footins=10.8pt plus 4.0pt minus 2.0pt
* \hoffset=0.0pt
* \voffset=0.0pt
* \mag=1000
* \@twocolumnfalse
* \@twosidefalse
* \@mparswitchfalse
* \@reversemarginfalse
* (1in=72.27pt=25.4mm, 1cm=28.453pt)

Package pgfplots notification 'compat/show suggested version=true': document has been generated with the most recent feature set (\pgfplotsset{compat=1.18}).

(/usr/share/texlive/texmf-dist/tex/latex/translations/translations-basic-dictionary-english.trsl
File: translations-basic-dictionary-english.trsl (english translation file `translations-basic-dictionary')
)
Package translations Info: loading dictionary `translations-basic-dictionary' for `english'. on input line 5.
\c@lstlisting=\count521
Package biblatex Info: Trying to load language 'english'...
Package biblatex Info: ... file 'english.lbx' found.
 (/usr/share/texlive/texmf-dist/tex/latex/biblatex/lbx/english.lbx
File: english.lbx 2023/03/05 v3.19 biblatex localization (PK/MW)
)
Package biblatex Info: Input encoding 'utf8' detected.
Package biblatex Info: Automatic encoding selection.
(biblatex)             Assuming data encoding 'utf8'.
\openout4 = `finalReport.bcf'.

Package biblatex Info: Trying to load bibliographic data...
Package biblatex Info: ... file 'finalReport.bbl' not found.

No file finalReport.bbl.
Package biblatex Info: Reference section=0 on input line 5.
Package biblatex Info: Reference segment=0 on input line 5.
Package hyperref Info: Link coloring ON on input line 5.
\@outlinefile=\write5
\openout5 = `finalReport.out'.

[1

{/var/lib/texmf/fonts/map/pdftex/updmap/pdftex.map}]
No file finalReport.toc.
\tf@toc=\write6
\openout6 = `finalReport.toc'.


pdfTeX warning (ext4): destination with the same identifier (name{page.1}) has been already used, duplicate ignored
<to be read again> 
                   \relax 
l.21 \newpage
              [1] [2]
LaTeX Font Info:    Trying to load font information for U+msa on input line 85.
 (/usr/share/texlive/texmf-dist/tex/latex/amsfonts/umsa.fd
File: umsa.fd 2013/01/14 v3.01 AMS symbols A
)
LaTeX Font Info:    Trying to load font information for U+msb on input line 85.
 (/usr/share/texlive/texmf-dist/tex/latex/amsfonts/umsb.fd
File: umsb.fd 2013/01/14 v3.01 AMS symbols B
) [3{/usr/share/texmf/fonts/enc/dvips/cm-super/cm-super-ts1.enc}]
Package hyperref Info: bookmark level for unknown lstlisting defaults to 0 on input line 98.

Overfull \hbox (4.66489pt too wide) in paragraph at lines 130--132
\OT1/cmr/m/n/12 transcon-duc-tance pa-ram-e-ter (KP), and channel-length mod-u-la-tion co-ef-fi-cient (LAMBDA). 
 []


LaTeX Warning: Reference `fig:nmos_iv_curve' on page 4 undefined on input line 135.


LaTeX Warning: File `1NMOSImage.png' not found on input line 139.


/home/sahast/CodingProjects/EEE3027_Project/ICDesign/Report/OLD_REPORT/finalReport.tex:139: Package pdftex.def Error: File `1NMOSImage.png' not found: using draft setting.

See the pdftex.def package documentation for explanation.
Type  H <return>  for immediate help.
 ...                                              
                                                  
l.139 ...ncludegraphics[scale=0.3]{1NMOSImage.png}
                                                  
Try typing  <return>  to proceed.
If that doesn't work, type  X <return>  to quit.


Overfull \hbox (16.51495pt too wide) in paragraph at lines 144--145
[]\OT1/cmr/m/n/12 The sim-u-la-tion pro-duces five curves cor-re-spond-ing to $\OML/cmm/m/it/12 VGS \OT1/cmr/m/n/12 = 0\OML/cmm/m/it/12 :\OT1/cmr/m/n/12 4\OML/cmm/m/it/12 V; \OT1/cmr/m/n/12 0\OML/cmm/m/it/12 :\OT1/cmr/m/n/12 6\OML/cmm/m/it/12 V; \OT1/cmr/m/n/12 0\OML/cmm/m/it/12 :\OT1/cmr/m/n/12 8\OML/cmm/m/it/12 V; \OT1/cmr/m/n/12 1\OML/cmm/m/it/12 :\OT1/cmr/m/n/12 0\OML/cmm/m/it/12 V; and\OT1/cmr/m/n/12 1\OML/cmm/m/it/12 :\OT1/cmr/m/n/12 2\OML/cmm/m/it/12 V$\OT1/cmr/m/n/12 . 
 []

[4] [5]

LaTeX Warning: File `1PMOSImage.png' not found on input line 242.


/home/sahast/CodingProjects/EEE3027_Project/ICDesign/Report/OLD_REPORT/finalReport.tex:242: Package pdftex.def Error: File `1PMOSImage.png' not found: using draft setting.

See the pdftex.def package documentation for explanation.
Type  H <return>  for immediate help.
 ...                                              
                                                  
l.242 ...cludegraphics[scale=0.18]{1PMOSImage.png}
                                                  
Try typing  <return>  to proceed.
If that doesn't work, type  X <return>  to quit.


LaTeX Warning: Reference `fig:pmos_iv_curve' on page 6 undefined on input line 247.


Overfull \hbox (24.16595pt too wide) in paragraph at lines 247--249
[]\OT1/cmr/m/n/12 From \OT1/cmr/bx/n/12 Fig-ure []\OT1/cmr/m/n/12 , we ob-serve five curves cor-re-spond-ing to $\OML/cmm/m/it/12 VGS \OT1/cmr/m/n/12 = \OMS/cmsy/m/n/12 ^^@\OT1/cmr/m/n/12 0\OML/cmm/m/it/12 :\OT1/cmr/m/n/12 4\OML/cmm/m/it/12 V; \OMS/cmsy/m/n/12 ^^@\OT1/cmr/m/n/12 0\OML/cmm/m/it/12 :\OT1/cmr/m/n/12 6\OML/cmm/m/it/12 V; \OMS/cmsy/m/n/12 ^^@\OT1/cmr/m/n/12 0\OML/cmm/m/it/12 :\OT1/cmr/m/n/12 8\OML/cmm/m/it/12 V; \OMS/cmsy/m/n/12 ^^@\OT1/cmr/m/n/12 1\OML/cmm/m/it/12 :\OT1/cmr/m/n/12 0\OML/cmm/m/it/12 V;$
 []

[6] [7] [8] [9]

LaTeX Warning: File `1BetaVerify.png' not found on input line 435.


/home/sahast/CodingProjects/EEE3027_Project/ICDesign/Report/OLD_REPORT/finalReport.tex:435: Package pdftex.def Error: File `1BetaVerify.png' not found: using draft setting.

See the pdftex.def package documentation for explanation.
Type  H <return>  for immediate help.
 ...                                              
                                                  
l.435 ...ludegraphics[scale=0.18]{1BetaVerify.png}
                                                  
Try typing  <return>  to proceed.
If that doesn't work, type  X <return>  to quit.


LaTeX Warning: Reference `fig:beta_iv_curve' on page 10 undefined on input line 440.

[10]

LaTeX Warning: File `1BetaDoubledL.png' not found on input line 500.


/home/sahast/CodingProjects/EEE3027_Project/ICDesign/Report/OLD_REPORT/finalReport.tex:500: Package pdftex.def Error: File `1BetaDoubledL.png' not found: using draft setting.

See the pdftex.def package documentation for explanation.
Type  H <return>  for immediate help.
 ...                                              
                                                  
l.500 ...degraphics[scale=0.18]{1BetaDoubledL.png}
                                                  
Try typing  <return>  to proceed.
If that doesn't work, type  X <return>  to quit.


LaTeX Warning: Reference `fig:beta_2x_curve' on page 11 undefined on input line 505.

[11]

LaTeX Warning: `h' float specifier changed to `ht'.


LaTeX Warning: Reference `fig:NRIOutput' on page 12 undefined on input line 595.

[12]

LaTeX Warning: File `Task4NRI.png' not found on input line 599.


/home/sahast/CodingProjects/EEE3027_Project/ICDesign/Report/OLD_REPORT/finalReport.tex:599: Package pdftex.def Error: File `Task4NRI.png' not found: using draft setting.

See the pdftex.def package documentation for explanation.
Type  H <return>  for immediate help.
 ...                                              
                                                  
l.599 ...includegraphics[scale=0.36]{Task4NRI.png}
                                                  
Try typing  <return>  to proceed.
If that doesn't work, type  X <return>  to quit.


LaTeX Warning: Reference `fig:newton_cobweb_diagram' on page 13 undefined on input line 604.


LaTeX Warning: File `newton_cobweb_diagram.png' not found on input line 608.


/home/sahast/CodingProjects/EEE3027_Project/ICDesign/Report/OLD_REPORT/finalReport.tex:608: Package pdftex.def Error: File `newton_cobweb_diagram.png' not found: using draft setting.

See the pdftex.def package documentation for explanation.
Type  H <return>  for immediate help.
 ...                                              
                                                  
l.608 ...cs[scale=0.48]{newton_cobweb_diagram.png}
                                                  
Try typing  <return>  to proceed.
If that doesn't work, type  X <return>  to quit.

[13]

LaTeX Warning: File `NewCircuit.png' not found on input line 639.


/home/sahast/CodingProjects/EEE3027_Project/ICDesign/Report/OLD_REPORT/finalReport.tex:639: Package pdftex.def Error: File `NewCircuit.png' not found: using draft setting.

See the pdftex.def package documentation for explanation.
Type  H <return>  for immediate help.
 ...                                              
                                                  
l.639 ...cludegraphics[scale=0.78]{NewCircuit.png}
                                                  
Try typing  <return>  to proceed.
If that doesn't work, type  X <return>  to quit.

[14]

LaTeX Warning: File `2CMOSInverter.png' not found on input line 716.


/home/sahast/CodingProjects/EEE3027_Project/ICDesign/Report/OLD_REPORT/finalReport.tex:716: Package pdftex.def Error: File `2CMOSInverter.png' not found: using draft setting.

See the pdftex.def package documentation for explanation.
Type  H <return>  for immediate help.
 ...                                              
                                                  
l.716 ...degraphics[scale=0.24]{2CMOSInverter.png}
                                                  
Try typing  <return>  to proceed.
If that doesn't work, type  X <return>  to quit.


LaTeX Warning: File `Point1.png' not found on input line 725.


/home/sahast/CodingProjects/EEE3027_Project/ICDesign/Report/OLD_REPORT/finalReport.tex:725: Package pdftex.def Error: File `Point1.png' not found: using draft setting.

See the pdftex.def package documentation for explanation.
Type  H <return>  for immediate help.
 ...                                              
                                                  
l.725     \includegraphics[scale=0.37]{Point1.png}
                                                  
Try typing  <return>  to proceed.
If that doesn't work, type  X <return>  to quit.


LaTeX Warning: File `Point2.png' not found on input line 732.


/home/sahast/CodingProjects/EEE3027_Project/ICDesign/Report/OLD_REPORT/finalReport.tex:732: Package pdftex.def Error: File `Point2.png' not found: using draft setting.

See the pdftex.def package documentation for explanation.
Type  H <return>  for immediate help.
 ...                                              
                                                  
l.732     \includegraphics[scale=0.37]{Point2.png}
                                                  
Try typing  <return>  to proceed.
If that doesn't work, type  X <return>  to quit.

[15]

LaTeX Warning: File `Point3.png' not found on input line 739.


/home/sahast/CodingProjects/EEE3027_Project/ICDesign/Report/OLD_REPORT/finalReport.tex:739: Package pdftex.def Error: File `Point3.png' not found: using draft setting.

See the pdftex.def package documentation for explanation.
Type  H <return>  for immediate help.
 ...                                              
                                                  
l.739     \includegraphics[scale=0.37]{Point3.png}
                                                  
Try typing  <return>  to proceed.
If that doesn't work, type  X <return>  to quit.


LaTeX Warning: File `Point4.png' not found on input line 746.


/home/sahast/CodingProjects/EEE3027_Project/ICDesign/Report/OLD_REPORT/finalReport.tex:746: Package pdftex.def Error: File `Point4.png' not found: using draft setting.

See the pdftex.def package documentation for explanation.
Type  H <return>  for immediate help.
 ...                                              
                                                  
l.746     \includegraphics[scale=0.37]{Point4.png}
                                                  
Try typing  <return>  to proceed.
If that doesn't work, type  X <return>  to quit.


LaTeX Warning: File `Point5.png' not found on input line 753.


/home/sahast/CodingProjects/EEE3027_Project/ICDesign/Report/OLD_REPORT/finalReport.tex:753: Package pdftex.def Error: File `Point5.png' not found: using draft setting.

See the pdftex.def package documentation for explanation.
Type  H <return>  for immediate help.
 ...                                              
                                                  
l.753     \includegraphics[scale=0.37]{Point5.png}
                                                  
Try typing  <return>  to proceed.
If that doesn't work, type  X <return>  to quit.


LaTeX Warning: File `HighlightedNMOSOnly.png' not found on input line 782.


/home/sahast/CodingProjects/EEE3027_Project/ICDesign/Report/OLD_REPORT/finalReport.tex:782: Package pdftex.def Error: File `HighlightedNMOSOnly.png' not found: using draft setting.

See the pdftex.def package documentation for explanation.
Type  H <return>  for immediate help.
 ...                                              
                                                  
l.782 ...hics[scale=0.25]{HighlightedNMOSOnly.png}
                                                  
Try typing  <return>  to proceed.
If that doesn't work, type  X <return>  to quit.

[16] [17]

LaTeX Warning: File `OGTransientAnalysisLog.png' not found on input line 874.


/home/sahast/CodingProjects/EEE3027_Project/ICDesign/Report/OLD_REPORT/finalReport.tex:874: Package pdftex.def Error: File `OGTransientAnalysisLog.png' not found: using draft setting.

See the pdftex.def package documentation for explanation.
Type  H <return>  for immediate help.
 ...                                              
                                                  
l.874 ...s[scale=0.25]{OGTransientAnalysisLog.png}
                                                  
Try typing  <return>  to proceed.
If that doesn't work, type  X <return>  to quit.

[18]

LaTeX Warning: Reference `fig:init_CMOS_curve' on page 19 undefined on input line 937.


LaTeX Warning: File `1InitialSpecCMOS.png' not found on input line 941.


/home/sahast/CodingProjects/EEE3027_Project/ICDesign/Report/OLD_REPORT/finalReport.tex:941: Package pdftex.def Error: File `1InitialSpecCMOS.png' not found: using draft setting.

See the pdftex.def package documentation for explanation.
Type  H <return>  for immediate help.
 ...                                              
                                                  
l.941 ...graphics[scale=0.3]{1InitialSpecCMOS.png}
                                                  
Try typing  <return>  to proceed.
If that doesn't work, type  X <return>  to quit.


LaTeX Warning: Reference `fig:init_CMOS_log' on page 19 undefined on input line 946.


LaTeX Warning: File `1InitialLog.png' not found on input line 950.


/home/sahast/CodingProjects/EEE3027_Project/ICDesign/Report/OLD_REPORT/finalReport.tex:950: Package pdftex.def Error: File `1InitialLog.png' not found: using draft setting.

See the pdftex.def package documentation for explanation.
Type  H <return>  for immediate help.
 ...                                              
                                                  
l.950 ...cludegraphics[scale=0.3]{1InitialLog.png}
                                                  
Try typing  <return>  to proceed.
If that doesn't work, type  X <return>  to quit.


LaTeX Warning: File `1CMOSVarTwo.png' not found on input line 964.


/home/sahast/CodingProjects/EEE3027_Project/ICDesign/Report/OLD_REPORT/finalReport.tex:964: Package pdftex.def Error: File `1CMOSVarTwo.png' not found: using draft setting.

See the pdftex.def package documentation for explanation.
Type  H <return>  for immediate help.
 ...                                              
                                                  
l.964 ...cludegraphics[scale=0.3]{1CMOSVarTwo.png}
                                                  
Try typing  <return>  to proceed.
If that doesn't work, type  X <return>  to quit.


LaTeX Warning: Reference `fig:CMOS_varTwo' on page 19 undefined on input line 969.


LaTeX Warning: Reference `fig:CMOS_varTwo_Log' on page 19 undefined on input line 969.


LaTeX Warning: File `1OptLog.png' not found on input line 973.


/home/sahast/CodingProjects/EEE3027_Project/ICDesign/Report/OLD_REPORT/finalReport.tex:973: Package pdftex.def Error: File `1OptLog.png' not found: using draft setting.

See the pdftex.def package documentation for explanation.
Type  H <return>  for immediate help.
 ...                                              
                                                  
l.973     \includegraphics[scale=0.3]{1OptLog.png}
                                                  
Try typing  <return>  to proceed.
If that doesn't work, type  X <return>  to quit.


LaTeX Warning: `h' float specifier changed to `ht'.

[19]

LaTeX Warning: File `1CMOSAsym.png' not found on input line 1008.


/home/sahast/CodingProjects/EEE3027_Project/ICDesign/Report/OLD_REPORT/finalReport.tex:1008: Package pdftex.def Error: File `1CMOSAsym.png' not found: using draft setting.

See the pdftex.def package documentation for explanation.
Type  H <return>  for immediate help.
 ...                                              
                                                  
l.1008 ...ncludegraphics[scale=0.3]{1CMOSAsym.png}
                                                  
Try typing  <return>  to proceed.
If that doesn't work, type  X <return>  to quit.


LaTeX Warning: Reference `fig:CMOS_Asym' on page 20 undefined on input line 1013.


LaTeX Warning: Reference `fig:CMOS_Asym_log' on page 20 undefined on input line 1015.


LaTeX Warning: File `1CMOSAsymLog.png' not found on input line 1019.


/home/sahast/CodingProjects/EEE3027_Project/ICDesign/Report/OLD_REPORT/finalReport.tex:1019: Package pdftex.def Error: File `1CMOSAsymLog.png' not found: using draft setting.

See the pdftex.def package documentation for explanation.
Type  H <return>  for immediate help.
 ...                                              
                                                  
l.1019 ...udegraphics[scale=0.3]{1CMOSAsymLog.png}
                                                  
Try typing  <return>  to proceed.
If that doesn't work, type  X <return>  to quit.

[20] [21]

LaTeX Warning: Reference `fig:SingIPSPAnno' on page 22 undefined on input line 1134.


LaTeX Warning: File `1SingIPSPAnno.png' not found on input line 1138.


/home/sahast/CodingProjects/EEE3027_Project/ICDesign/Report/OLD_REPORT/finalReport.tex:1138: Package pdftex.def Error: File `1SingIPSPAnno.png' not found: using draft setting.

See the pdftex.def package documentation for explanation.
Type  H <return>  for immediate help.
 ...                                              
                                                  
l.1138 ...degraphics[scale=0.3]{1SingIPSPAnno.png}
                                                  
Try typing  <return>  to proceed.
If that doesn't work, type  X <return>  to quit.


LaTeX Warning: `!h' float specifier changed to `!ht'.

[22]

LaTeX Warning: Reference `fig:SingIPSPSynthTime' on page 23 undefined on input line 1157.


LaTeX Warning: File `1SingIPSPSynthTiming.png' not found on input line 1161.


/home/sahast/CodingProjects/EEE3027_Project/ICDesign/Report/OLD_REPORT/finalReport.tex:1161: Package pdftex.def Error: File `1SingIPSPSynthTiming.png' not found: using draft setting.

See the pdftex.def package documentation for explanation.
Type  H <return>  for immediate help.
 ...                                              
                                                  
l.1161 ...ics[scale=0.3]{1SingIPSPSynthTiming.png}
                                                  
Try typing  <return>  to proceed.
If that doesn't work, type  X <return>  to quit.


LaTeX Warning: Reference `fig:SingIPSPSynthPower' on page 23 undefined on input line 1173.


LaTeX Warning: File `1SingIPSPpowerSummary.png' not found on input line 1181.


/home/sahast/CodingProjects/EEE3027_Project/ICDesign/Report/OLD_REPORT/finalReport.tex:1181: Package pdftex.def Error: File `1SingIPSPpowerSummary.png' not found: using draft setting.

See the pdftex.def package documentation for explanation.
Type  H <return>  for immediate help.
 ...                                              
                                                  
l.1181 ...cs[scale=0.3]{1SingIPSPpowerSummary.png}
                                                  
Try typing  <return>  to proceed.
If that doesn't work, type  X <return>  to quit.


LaTeX Warning: `!h' float specifier changed to `!ht'.


LaTeX Warning: Reference `fig:SingIPSPUtil' on page 23 undefined on input line 1186.

[23]

LaTeX Warning: File `1SingIPSPUtilReport.png' not found on input line 1194.


/home/sahast/CodingProjects/EEE3027_Project/ICDesign/Report/OLD_REPORT/finalReport.tex:1194: Package pdftex.def Error: File `1SingIPSPUtilReport.png' not found: using draft setting.

See the pdftex.def package documentation for explanation.
Type  H <return>  for immediate help.
 ...                                              
                                                  
l.1194 ...hics[scale=0.3]{1SingIPSPUtilReport.png}
                                                  
Try typing  <return>  to proceed.
If that doesn't work, type  X <return>  to quit.


Overfull \hbox (3.02473pt too wide) in paragraph at lines 1205--1206
[]\OT1/cmr/m/n/12 The FPGA con-tains DSP48E1 prim-i-tives, which are hard-wired multiply-accumulate blocks.
 []


LaTeX Warning: Reference `fig:SingIPSPPostImpTime' on page 24 undefined on input line 1209.


LaTeX Warning: File `1SingIPSPPostImpTimingReport.png' not found on input line 1213.


/home/sahast/CodingProjects/EEE3027_Project/ICDesign/Report/OLD_REPORT/finalReport.tex:1213: Package pdftex.def Error: File `1SingIPSPPostImpTimingReport.png' not found: using draft setting.

See the pdftex.def package documentation for explanation.
Type  H <return>  for immediate help.
 ...                                              
                                                  
l.1213 ...e=0.3]{1SingIPSPPostImpTimingReport.png}
                                                  
Try typing  <return>  to proceed.
If that doesn't work, type  X <return>  to quit.


LaTeX Warning: File `1SingIPSPPostImpPower.png' not found on input line 1224.


/home/sahast/CodingProjects/EEE3027_Project/ICDesign/Report/OLD_REPORT/finalReport.tex:1224: Package pdftex.def Error: File `1SingIPSPPostImpPower.png' not found: using draft setting.

See the pdftex.def package documentation for explanation.
Type  H <return>  for immediate help.
 ...                                              
                                                  
l.1224 ...cs[scale=0.3]{1SingIPSPPostImpPower.png}
                                                  
Try typing  <return>  to proceed.
If that doesn't work, type  X <return>  to quit.


LaTeX Warning: File `1SingIPSPPostImpSym.png' not found on input line 1235.


/home/sahast/CodingProjects/EEE3027_Project/ICDesign/Report/OLD_REPORT/finalReport.tex:1235: Package pdftex.def Error: File `1SingIPSPPostImpSym.png' not found: using draft setting.

See the pdftex.def package documentation for explanation.
Type  H <return>  for immediate help.
 ...                                              
                                                  
l.1235 ...hics[scale=0.3]{1SingIPSPPostImpSym.png}
                                                  
Try typing  <return>  to proceed.
If that doesn't work, type  X <return>  to quit.


LaTeX Warning: `!h' float specifier changed to `!ht'.

[24]
Overfull \hbox (24.31789pt too wide) in paragraph at lines 1267--1269
[]\OT1/cmr/m/n/14.4 IMAGE SHOW-ING THE AN-NO-TATED WAVE-FORM OF THE PIPELINED
 []


LaTeX Warning: File `1PipeIPSPAnno.png' not found on input line 1272.


/home/sahast/CodingProjects/EEE3027_Project/ICDesign/Report/OLD_REPORT/finalReport.tex:1272: Package pdftex.def Error: File `1PipeIPSPAnno.png' not found: using draft setting.

See the pdftex.def package documentation for explanation.
Type  H <return>  for immediate help.
 ...                                              
                                                  
l.1272 ...degraphics[scale=0.3]{1PipeIPSPAnno.png}
                                                  
Try typing  <return>  to proceed.
If that doesn't work, type  X <return>  to quit.


LaTeX Warning: File `1PipeIPSPSynthTiming.png' not found on input line 1285.


/home/sahast/CodingProjects/EEE3027_Project/ICDesign/Report/OLD_REPORT/finalReport.tex:1285: Package pdftex.def Error: File `1PipeIPSPSynthTiming.png' not found: using draft setting.

See the pdftex.def package documentation for explanation.
Type  H <return>  for immediate help.
 ...                                              
                                                  
l.1285 ...ics[scale=0.3]{1PipeIPSPSynthTiming.png}
                                                  
Try typing  <return>  to proceed.
If that doesn't work, type  X <return>  to quit.


LaTeX Warning: File `1PipeIPSPImpSummary.png' not found on input line 1298.


/home/sahast/CodingProjects/EEE3027_Project/ICDesign/Report/OLD_REPORT/finalReport.tex:1298: Package pdftex.def Error: File `1PipeIPSPImpSummary.png' not found: using draft setting.

See the pdftex.def package documentation for explanation.
Type  H <return>  for immediate help.
 ...                                              
                                                  
l.1298 ...hics[scale=0.3]{1PipeIPSPImpSummary.png}
                                                  
Try typing  <return>  to proceed.
If that doesn't work, type  X <return>  to quit.

[25]

LaTeX Warning: File `1PipeIPSPpowerSummary.png' not found on input line 1313.


/home/sahast/CodingProjects/EEE3027_Project/ICDesign/Report/OLD_REPORT/finalReport.tex:1313: Package pdftex.def Error: File `1PipeIPSPpowerSummary.png' not found: using draft setting.

See the pdftex.def package documentation for explanation.
Type  H <return>  for immediate help.
 ...                                              
                                                  
l.1313 ...cs[scale=0.3]{1PipeIPSPpowerSummary.png}
                                                  
Try typing  <return>  to proceed.
If that doesn't work, type  X <return>  to quit.


LaTeX Warning: File `1PipeIPSPpowerSummary.png' not found on input line 1326.


/home/sahast/CodingProjects/EEE3027_Project/ICDesign/Report/OLD_REPORT/finalReport.tex:1326: Package pdftex.def Error: File `1PipeIPSPpowerSummary.png' not found: using draft setting.

See the pdftex.def package documentation for explanation.
Type  H <return>  for immediate help.
 ...                                              
                                                  
l.1326 ...cs[scale=0.3]{1PipeIPSPpowerSummary.png}
                                                  
Try typing  <return>  to proceed.
If that doesn't work, type  X <return>  to quit.


Overfull \hbox (1.21977pt too wide) in paragraph at lines 1334--1336
[]\OT1/cmr/m/n/14.4 IMAGE SHOW-ING THE UTIL-I-SA-TION RE-PORT OF THE PIPELINED
 []


LaTeX Warning: File `1PipeIPSPUtilSummary.png' not found on input line 1339.


/home/sahast/CodingProjects/EEE3027_Project/ICDesign/Report/OLD_REPORT/finalReport.tex:1339: Package pdftex.def Error: File `1PipeIPSPUtilSummary.png' not found: using draft setting.

See the pdftex.def package documentation for explanation.
Type  H <return>  for immediate help.
 ...                                              
                                                  
l.1339 ...ics[scale=0.3]{1PipeIPSPUtilSummary.png}
                                                  
Try typing  <return>  to proceed.
If that doesn't work, type  X <return>  to quit.

[26]
Overfull \hbox (2.10814pt too wide) in paragraph at lines 1411--1412
[]\OT1/cmr/m/n/12 A com-bi-na-tional di-vider for a WIDTH-bit operand re-quires WIDTH it-er-a-tions of compare-
 []

[27]
Overfull \hbox (31.0618pt too wide) in paragraph at lines 1432--1433
[]\OT1/cmr/m/n/12 The fol-low-ing fig-ures show the wave-form, post-synthesis tim-ing re-port, and post-implementation
 []


LaTeX Warning: File `2SingDivSubAnno.png' not found on input line 1440.


/home/sahast/CodingProjects/EEE3027_Project/ICDesign/Report/OLD_REPORT/finalReport.tex:1440: Package pdftex.def Error: File `2SingDivSubAnno.png' not found: using draft setting.

See the pdftex.def package documentation for explanation.
Type  H <return>  for immediate help.
 ...                                              
                                                  
l.1440 ...graphics[scale=0.3]{2SingDivSubAnno.png}
                                                  
Try typing  <return>  to proceed.
If that doesn't work, type  X <return>  to quit.


Overfull \hbox (8.95634pt too wide) in paragraph at lines 1446--1448
[]\OT1/cmr/m/n/14.4 IMAGE SHOW-ING THE TIM-ING RE-PORT OF THE COM-BI-NA-TIONAL
 []


LaTeX Warning: File `2SingDivSubSynthTiming.png' not found on input line 1451.


/home/sahast/CodingProjects/EEE3027_Project/ICDesign/Report/OLD_REPORT/finalReport.tex:1451: Package pdftex.def Error: File `2SingDivSubSynthTiming.png' not found: using draft setting.

See the pdftex.def package documentation for explanation.
Type  H <return>  for immediate help.
 ...                                              
                                                  
l.1451 ...s[scale=0.3]{2SingDivSubSynthTiming.png}
                                                  
Try typing  <return>  to proceed.
If that doesn't work, type  X <return>  to quit.


Overfull \hbox (8.95634pt too wide) in paragraph at lines 1457--1459
[]\OT1/cmr/m/n/14.4 IMAGE SHOW-ING THE TIM-ING RE-PORT OF THE COM-BI-NA-TIONAL
 []


LaTeX Warning: File `2SingDivSubImpTimingSummary.png' not found on input line 1462.


/home/sahast/CodingProjects/EEE3027_Project/ICDesign/Report/OLD_REPORT/finalReport.tex:1462: Package pdftex.def Error: File `2SingDivSubImpTimingSummary.png' not found: using draft setting.

See the pdftex.def package documentation for explanation.
Type  H <return>  for immediate help.
 ...                                              
                                                  
l.1462 ...le=0.3]{2SingDivSubImpTimingSummary.png}
                                                  
Try typing  <return>  to proceed.
If that doesn't work, type  X <return>  to quit.


Overfull \hbox (8.67131pt too wide) in paragraph at lines 1468--1470
[]\OT1/cmr/m/n/14.4 IMAGE SHOW-ING THE POWER RE-PORT OF THE COM-BI-NA-TIONAL
 []


LaTeX Warning: File `2SingDivSubSynthPowerSummary.png' not found on input line 1473.


/home/sahast/CodingProjects/EEE3027_Project/ICDesign/Report/OLD_REPORT/finalReport.tex:1473: Package pdftex.def Error: File `2SingDivSubSynthPowerSummary.png' not found: using draft setting.

See the pdftex.def package documentation for explanation.
Type  H <return>  for immediate help.
 ...                                              
                                                  
l.1473 ...e=0.3]{2SingDivSubSynthPowerSummary.png}
                                                  
Try typing  <return>  to proceed.
If that doesn't work, type  X <return>  to quit.


LaTeX Warning: `!h' float specifier changed to `!ht'.


Overfull \hbox (8.67131pt too wide) in paragraph at lines 1479--1481
[]\OT1/cmr/m/n/14.4 IMAGE SHOW-ING THE POWER RE-PORT OF THE COM-BI-NA-TIONAL
 []


LaTeX Warning: File `2SingDivSubImpPowerSummary.png' not found on input line 1484.


/home/sahast/CodingProjects/EEE3027_Project/ICDesign/Report/OLD_REPORT/finalReport.tex:1484: Package pdftex.def Error: File `2SingDivSubImpPowerSummary.png' not found: using draft setting.

See the pdftex.def package documentation for explanation.
Type  H <return>  for immediate help.
 ...                                              
                                                  
l.1484 ...ale=0.3]{2SingDivSubImpPowerSummary.png}
                                                  
Try typing  <return>  to proceed.
If that doesn't work, type  X <return>  to quit.


LaTeX Warning: `!h' float specifier changed to `!ht'.

[28]

LaTeX Warning: Reference `tab:serial_div' on page 29 undefined on input line 1503.


LaTeX Warning: `h' float specifier changed to `ht'.

[29]
Underfull \hbox (badness 10000) in paragraph at lines 1591--1594

 []


Underfull \hbox (badness 10000) in paragraph at lines 1603--1606

 []

[30]
Overfull \hbox (24.31789pt too wide) in paragraph at lines 1610--1612
[]\OT1/cmr/m/n/14.4 IMAGE SHOW-ING THE AN-NO-TATED WAVE-FORM OF THE PIPELINED
 []


LaTeX Warning: File `2PipeDivSubWavOne.png' not found on input line 1615.


/home/sahast/CodingProjects/EEE3027_Project/ICDesign/Report/OLD_REPORT/finalReport.tex:1615: Package pdftex.def Error: File `2PipeDivSubWavOne.png' not found: using draft setting.

See the pdftex.def package documentation for explanation.
Type  H <return>  for immediate help.
 ...                                              
                                                  
l.1615 ...aphics[scale=0.3]{2PipeDivSubWavOne.png}
                                                  
Try typing  <return>  to proceed.
If that doesn't work, type  X <return>  to quit.


LaTeX Warning: File `2PipeDivSubWaveTwo.png' not found on input line 1622.


/home/sahast/CodingProjects/EEE3027_Project/ICDesign/Report/OLD_REPORT/finalReport.tex:1622: Package pdftex.def Error: File `2PipeDivSubWaveTwo.png' not found: using draft setting.

See the pdftex.def package documentation for explanation.
Type  H <return>  for immediate help.
 ...                                              
                                                  
l.1622 ...phics[scale=0.3]{2PipeDivSubWaveTwo.png}
                                                  
Try typing  <return>  to proceed.
If that doesn't work, type  X <return>  to quit.


LaTeX Warning: File `2PipeDivSubSynthTiming.png' not found on input line 1635.


/home/sahast/CodingProjects/EEE3027_Project/ICDesign/Report/OLD_REPORT/finalReport.tex:1635: Package pdftex.def Error: File `2PipeDivSubSynthTiming.png' not found: using draft setting.

See the pdftex.def package documentation for explanation.
Type  H <return>  for immediate help.
 ...                                              
                                                  
l.1635 ...s[scale=0.3]{2PipeDivSubSynthTiming.png}
                                                  
Try typing  <return>  to proceed.
If that doesn't work, type  X <return>  to quit.


LaTeX Warning: File `2PipeDivSubImpTiming.png' not found on input line 1646.


/home/sahast/CodingProjects/EEE3027_Project/ICDesign/Report/OLD_REPORT/finalReport.tex:1646: Package pdftex.def Error: File `2PipeDivSubImpTiming.png' not found: using draft setting.

See the pdftex.def package documentation for explanation.
Type  H <return>  for immediate help.
 ...                                              
                                                  
l.1646 ...ics[scale=0.3]{2PipeDivSubImpTiming.png}
                                                  
Try typing  <return>  to proceed.
If that doesn't work, type  X <return>  to quit.


LaTeX Warning: File `2PipeDivSubPowerSynth.png' not found on input line 1659.


/home/sahast/CodingProjects/EEE3027_Project/ICDesign/Report/OLD_REPORT/finalReport.tex:1659: Package pdftex.def Error: File `2PipeDivSubPowerSynth.png' not found: using draft setting.

See the pdftex.def package documentation for explanation.
Type  H <return>  for immediate help.
 ...                                              
                                                  
l.1659 ...cs[scale=0.3]{2PipeDivSubPowerSynth.png}
                                                  
Try typing  <return>  to proceed.
If that doesn't work, type  X <return>  to quit.


LaTeX Warning: File `2PipeDivSubPowerImp.png' not found on input line 1670.


/home/sahast/CodingProjects/EEE3027_Project/ICDesign/Report/OLD_REPORT/finalReport.tex:1670: Package pdftex.def Error: File `2PipeDivSubPowerImp.png' not found: using draft setting.

See the pdftex.def package documentation for explanation.
Type  H <return>  for immediate help.
 ...                                              
                                                  
l.1670 ...hics[scale=0.3]{2PipeDivSubPowerImp.png}
                                                  
Try typing  <return>  to proceed.
If that doesn't work, type  X <return>  to quit.


LaTeX Warning: `!h' float specifier changed to `!ht'.


LaTeX Warning: `h' float specifier changed to `ht'.


LaTeX Warning: `h' float specifier changed to `ht'.

[31]

LaTeX Warning: `h' float specifier changed to `ht'.


Overfull \hbox (2.36627pt too wide) in paragraph at lines 1735--1736
[]\OT1/cmr/m/n/12 Latency vs through-put trade-off: Multi-cycle has high la-tency but rea-son-able through-
 []

[32] [33]
Overfull \hbox (7.7366pt too wide) in paragraph at lines 1861--1862
 [][] 
 []


Underfull \hbox (badness 10000) in paragraph at lines 1875--1876
[]|\OT1/cmr/m/n/12 Propagates the
 []


Underfull \hbox (badness 10000) in paragraph at lines 1875--1876
\OT1/cmr/m/n/12 com-puted so-lu-
 []


Underfull \hbox (badness 10000) in paragraph at lines 1875--1876
\OT1/cmr/m/n/12 tion value into
 []


Underfull \hbox (badness 10000) in paragraph at lines 1875--1876
\OT1/cmr/m/n/12 the multiply--
 []


Overfull \hbox (3.20256pt too wide) in paragraph at lines 1878--1878
[]|\OT1/cmr/m/n/12 DIVSUB.\OT1/cmtt/m/n/12 valid[]out| 
 []


Underfull \hbox (badness 10000) in paragraph at lines 1880--1881
[]|\OT1/cmr/m/n/12 Indicates com-
 []


Underfull \hbox (badness 10000) in paragraph at lines 1880--1881
\OT1/cmr/m/n/12 ple-tion of the
 []


Underfull \hbox (badness 2903) in paragraph at lines 1885--1886
[]|\OT1/cmr/m/n/12 Carries the ac-cu-
 []


Underfull \hbox (badness 7326) in paragraph at lines 1887--1887
[]|\OT1/cmr/m/n/12 Controller con-trol
 []


Underfull \hbox (badness 7613) in paragraph at lines 1889--1889
[]|\OT1/cmr/m/n/12 DIVSUB and
 []


Underfull \hbox (badness 5563) in paragraph at lines 1890--1891
[]|\OT1/cmr/m/n/12 Coordinates op-er-
 []


Underfull \hbox (badness 10000) in paragraph at lines 1890--1891
\OT1/cmr/m/n/12 a-tion se-quenc-ing
 []


Underfull \hbox (badness 3302) in paragraph at lines 1890--1891
\OT1/cmr/m/n/12 and en-forces sys-
 []


LaTeX Warning: `!h' float specifier changed to `!ht'.


LaTeX Warning: File `3SysArrayAnno.png' not found on input line 1907.


/home/sahast/CodingProjects/EEE3027_Project/ICDesign/Report/OLD_REPORT/finalReport.tex:1907: Package pdftex.def Error: File `3SysArrayAnno.png' not found: using draft setting.

See the pdftex.def package documentation for explanation.
Type  H <return>  for immediate help.
 ...                                              
                                                  
l.1907 ...degraphics[scale=0.3]{3SysArrayAnno.png}
                                                  
Try typing  <return>  to proceed.
If that doesn't work, type  X <return>  to quit.


LaTeX Warning: File `3SysArrayPostSynthTiming.png' not found on input line 1918.


/home/sahast/CodingProjects/EEE3027_Project/ICDesign/Report/OLD_REPORT/finalReport.tex:1918: Package pdftex.def Error: File `3SysArrayPostSynthTiming.png' not found: using draft setting.

See the pdftex.def package documentation for explanation.
Type  H <return>  for immediate help.
 ...                                              
                                                  
l.1918 ...scale=0.3]{3SysArrayPostSynthTiming.png}
                                                  
Try typing  <return>  to proceed.
If that doesn't work, type  X <return>  to quit.


LaTeX Warning: `!h' float specifier changed to `!ht'.

[34]

LaTeX Warning: File `3SysArrayPostImpTiming.png' not found on input line 1929.


/home/sahast/CodingProjects/EEE3027_Project/ICDesign/Report/OLD_REPORT/finalReport.tex:1929: Package pdftex.def Error: File `3SysArrayPostImpTiming.png' not found: using draft setting.

See the pdftex.def package documentation for explanation.
Type  H <return>  for immediate help.
 ...                                              
                                                  
l.1929 ...s[scale=0.3]{3SysArrayPostImpTiming.png}
                                                  
Try typing  <return>  to proceed.
If that doesn't work, type  X <return>  to quit.


LaTeX Warning: File `3SysArrayPostSynthPower.png' not found on input line 1940.


/home/sahast/CodingProjects/EEE3027_Project/ICDesign/Report/OLD_REPORT/finalReport.tex:1940: Package pdftex.def Error: File `3SysArrayPostSynthPower.png' not found: using draft setting.

See the pdftex.def package documentation for explanation.
Type  H <return>  for immediate help.
 ...                                              
                                                  
l.1940 ...[scale=0.3]{3SysArrayPostSynthPower.png}
                                                  
Try typing  <return>  to proceed.
If that doesn't work, type  X <return>  to quit.


LaTeX Warning: File `3SysArrayPostImpPower.png' not found on input line 1951.


/home/sahast/CodingProjects/EEE3027_Project/ICDesign/Report/OLD_REPORT/finalReport.tex:1951: Package pdftex.def Error: File `3SysArrayPostImpPower.png' not found: using draft setting.

See the pdftex.def package documentation for explanation.
Type  H <return>  for immediate help.
 ...                                              
                                                  
l.1951 ...cs[scale=0.3]{3SysArrayPostImpPower.png}
                                                  
Try typing  <return>  to proceed.
If that doesn't work, type  X <return>  to quit.


LaTeX Warning: File `3SysArrayUtilReport.png' not found on input line 1962.


/home/sahast/CodingProjects/EEE3027_Project/ICDesign/Report/OLD_REPORT/finalReport.tex:1962: Package pdftex.def Error: File `3SysArrayUtilReport.png' not found: using draft setting.

See the pdftex.def package documentation for explanation.
Type  H <return>  for immediate help.
 ...                                              
                                                  
l.1962 ...hics[scale=0.3]{3SysArrayUtilReport.png}
                                                  
Try typing  <return>  to proceed.
If that doesn't work, type  X <return>  to quit.


LaTeX Warning: `!h' float specifier changed to `!ht'.

[35]

LaTeX Warning: File `3SysArrayCritPath.png' not found on input line 1973.


/home/sahast/CodingProjects/EEE3027_Project/ICDesign/Report/OLD_REPORT/finalReport.tex:1973: Package pdftex.def Error: File `3SysArrayCritPath.png' not found: using draft setting.

See the pdftex.def package documentation for explanation.
Type  H <return>  for immediate help.
 ...                                              
                                                  
l.1973 ...aphics[scale=0.3]{3SysArrayCritPath.png}
                                                  
Try typing  <return>  to proceed.
If that doesn't work, type  X <return>  to quit.

[36]

LaTeX Warning: File `7STGCElement.png' not found on input line 2030.


/home/sahast/CodingProjects/EEE3027_Project/ICDesign/Report/OLD_REPORT/finalReport.tex:2030: Package pdftex.def Error: File `7STGCElement.png' not found: using draft setting.

See the pdftex.def package documentation for explanation.
Type  H <return>  for immediate help.
 ...                                              
                                                  
l.2030 ...udegraphics[scale=0.3]{7STGCElement.png}
                                                  
Try typing  <return>  to proceed.
If that doesn't work, type  X <return>  to quit.


LaTeX Warning: File `7STGTrace.png' not found on input line 2043.


/home/sahast/CodingProjects/EEE3027_Project/ICDesign/Report/OLD_REPORT/finalReport.tex:2043: Package pdftex.def Error: File `7STGTrace.png' not found: using draft setting.

See the pdftex.def package documentation for explanation.
Type  H <return>  for immediate help.
 ...                                              
                                                  
l.2043 ...ncludegraphics[scale=0.3]{7STGTrace.png}
                                                  
Try typing  <return>  to proceed.
If that doesn't work, type  X <return>  to quit.


LaTeX Warning: File `7STGTiming.png' not found on input line 2056.


/home/sahast/CodingProjects/EEE3027_Project/ICDesign/Report/OLD_REPORT/finalReport.tex:2056: Package pdftex.def Error: File `7STGTiming.png' not found: using draft setting.

See the pdftex.def package documentation for explanation.
Type  H <return>  for immediate help.
 ...                                              
                                                  
l.2056 ...cludegraphics[scale=0.3]{7STGTiming.png}
                                                  
Try typing  <return>  to proceed.
If that doesn't work, type  X <return>  to quit.

[37]
Overfull \hbox (1.81627pt too wide) in paragraph at lines 2092--2094
[]\OT1/cmr/m/n/14.4 IMAGE SHOW-ING THE VER-I-FI-CA-TION RE-SULTS FOR C-ELEMENT
 []


LaTeX Warning: File `7STGVerify.png' not found on input line 2097.


/home/sahast/CodingProjects/EEE3027_Project/ICDesign/Report/OLD_REPORT/finalReport.tex:2097: Package pdftex.def Error: File `7STGVerify.png' not found: using draft setting.

See the pdftex.def package documentation for explanation.
Type  H <return>  for immediate help.
 ...                                              
                                                  
l.2097 ...cludegraphics[scale=0.3]{7STGVerify.png}
                                                  
Try typing  <return>  to proceed.
If that doesn't work, type  X <return>  to quit.

[38]

LaTeX Warning: File `7STGstdCElement.png' not found on input line 2144.


/home/sahast/CodingProjects/EEE3027_Project/ICDesign/Report/OLD_REPORT/finalReport.tex:2144: Package pdftex.def Error: File `7STGstdCElement.png' not found: using draft setting.

See the pdftex.def package documentation for explanation.
Type  H <return>  for immediate help.
 ...                                              
                                                  
l.2144 ...graphics[scale=0.3]{7STGstdCElement.png}
                                                  
Try typing  <return>  to proceed.
If that doesn't work, type  X <return>  to quit.


LaTeX Warning: File `7STGGenMap.png' not found on input line 2157.


/home/sahast/CodingProjects/EEE3027_Project/ICDesign/Report/OLD_REPORT/finalReport.tex:2157: Package pdftex.def Error: File `7STGGenMap.png' not found: using draft setting.

See the pdftex.def package documentation for explanation.
Type  H <return>  for immediate help.
 ...                                              
                                                  
l.2157 ...cludegraphics[scale=0.3]{7STGGenMap.png}
                                                  
Try typing  <return>  to proceed.
If that doesn't work, type  X <return>  to quit.

[39]

LaTeX Warning: File `7STGComplexGateMap.png' not found on input line 2189.


/home/sahast/CodingProjects/EEE3027_Project/ICDesign/Report/OLD_REPORT/finalReport.tex:2189: Package pdftex.def Error: File `7STGComplexGateMap.png' not found: using draft setting.

See the pdftex.def package documentation for explanation.
Type  H <return>  for immediate help.
 ...                                              
                                                  
l.2189 ...phics[scale=0.3]{7STGComplexGateMap.png}
                                                  
Try typing  <return>  to proceed.
If that doesn't work, type  X <return>  to quit.


LaTeX Warning: File `7NonWorkingSTG.png' not found on input line 2200.


/home/sahast/CodingProjects/EEE3027_Project/ICDesign/Report/OLD_REPORT/finalReport.tex:2200: Package pdftex.def Error: File `7NonWorkingSTG.png' not found: using draft setting.

See the pdftex.def package documentation for explanation.
Type  H <return>  for immediate help.
 ...                                              
                                                  
l.2200 ...egraphics[scale=0.3]{7NonWorkingSTG.png}
                                                  
Try typing  <return>  to proceed.
If that doesn't work, type  X <return>  to quit.

[40]

LaTeX Warning: File `7STGTrace.png' not found on input line 2211.


/home/sahast/CodingProjects/EEE3027_Project/ICDesign/Report/OLD_REPORT/finalReport.tex:2211: Package pdftex.def Error: File `7STGTrace.png' not found: using draft setting.

See the pdftex.def package documentation for explanation.
Type  H <return>  for immediate help.
 ...                                              
                                                  
l.2211 ...ncludegraphics[scale=0.3]{7STGTrace.png}
                                                  
Try typing  <return>  to proceed.
If that doesn't work, type  X <return>  to quit.


Overfull \hbox (6.41304pt too wide) in paragraph at lines 2231--2233
[]\OT1/cmr/m/n/14.4 IMAGE SHOW-ING THE VER-I-FI-CA-TION RE-SULTS FOR GATE LEVEL
 []


LaTeX Warning: File `7STGWorkingVerify.png' not found on input line 2236.


/home/sahast/CodingProjects/EEE3027_Project/ICDesign/Report/OLD_REPORT/finalReport.tex:2236: Package pdftex.def Error: File `7STGWorkingVerify.png' not found: using draft setting.

See the pdftex.def package documentation for explanation.
Type  H <return>  for immediate help.
 ...                                              
                                                  
l.2236 ...aphics[scale=0.3]{7STGWorkingVerify.png}
                                                  
Try typing  <return>  to proceed.
If that doesn't work, type  X <return>  to quit.

[41]
Overfull \hbox (1.81627pt too wide) in paragraph at lines 2258--2260
[]\OT1/cmr/m/n/14.4 IMAGE SHOW-ING THE VER-I-FI-CA-TION RE-SULTS FOR C-ELEMENT
 []


LaTeX Warning: File `7STGErrorMes.png' not found on input line 2263.


/home/sahast/CodingProjects/EEE3027_Project/ICDesign/Report/OLD_REPORT/finalReport.tex:2263: Package pdftex.def Error: File `7STGErrorMes.png' not found: using draft setting.

See the pdftex.def package documentation for explanation.
Type  H <return>  for immediate help.
 ...                                              
                                                  
l.2263 ...udegraphics[scale=0.3]{7STGErrorMes.png}
                                                  
Try typing  <return>  to proceed.
If that doesn't work, type  X <return>  to quit.


Overfull \hbox (1.81627pt too wide) in paragraph at lines 2269--2271
[]\OT1/cmr/m/n/14.4 IMAGE SHOW-ING THE VER-I-FI-CA-TION RE-SULTS FOR C-ELEMENT
 []


LaTeX Warning: File `7STGWorkingVerify.png' not found on input line 2274.


/home/sahast/CodingProjects/EEE3027_Project/ICDesign/Report/OLD_REPORT/finalReport.tex:2274: Package pdftex.def Error: File `7STGWorkingVerify.png' not found: using draft setting.

See the pdftex.def package documentation for explanation.
Type  H <return>  for immediate help.
 ...                                              
                                                  
l.2274 ...aphics[scale=0.3]{7STGWorkingVerify.png}
                                                  
Try typing  <return>  to proceed.
If that doesn't work, type  X <return>  to quit.

[42]

LaTeX Warning: File `7WorkingSTG.png' not found on input line 2295.


/home/sahast/CodingProjects/EEE3027_Project/ICDesign/Report/OLD_REPORT/finalReport.tex:2295: Package pdftex.def Error: File `7WorkingSTG.png' not found: using draft setting.

See the pdftex.def package documentation for explanation.
Type  H <return>  for immediate help.
 ...                                              
                                                  
l.2295 ...ludegraphics[scale=0.3]{7WorkingSTG.png}
                                                  
Try typing  <return>  to proceed.
If that doesn't work, type  X <return>  to quit.

[43]
Overfull \hbox (1.81627pt too wide) in paragraph at lines 2331--2333
[]\OT1/cmr/m/n/14.4 IMAGE SHOW-ING THE VER-I-FI-CA-TION RE-SULTS FOR C-ELEMENT
 []


LaTeX Warning: File `7STGVerify.png' not found on input line 2336.


/home/sahast/CodingProjects/EEE3027_Project/ICDesign/Report/OLD_REPORT/finalReport.tex:2336: Package pdftex.def Error: File `7STGVerify.png' not found: using draft setting.

See the pdftex.def package documentation for explanation.
Type  H <return>  for immediate help.
 ...                                              
                                                  
l.2336 ...cludegraphics[scale=0.3]{7STGVerify.png}
                                                  
Try typing  <return>  to proceed.
If that doesn't work, type  X <return>  to quit.


Overfull \hbox (1.81627pt too wide) in paragraph at lines 2342--2344
[]\OT1/cmr/m/n/14.4 IMAGE SHOW-ING THE VER-I-FI-CA-TION RE-SULTS FOR C-ELEMENT
 []


LaTeX Warning: File `7STGErrorMes.png' not found on input line 2347.


/home/sahast/CodingProjects/EEE3027_Project/ICDesign/Report/OLD_REPORT/finalReport.tex:2347: Package pdftex.def Error: File `7STGErrorMes.png' not found: using draft setting.

See the pdftex.def package documentation for explanation.
Type  H <return>  for immediate help.
 ...                                              
                                                  
l.2347 ...udegraphics[scale=0.3]{7STGErrorMes.png}
                                                  
Try typing  <return>  to proceed.
If that doesn't work, type  X <return>  to quit.


LaTeX Warning: File `7STGERROR.png' not found on input line 2360.


/home/sahast/CodingProjects/EEE3027_Project/ICDesign/Report/OLD_REPORT/finalReport.tex:2360: Package pdftex.def Error: File `7STGERROR.png' not found: using draft setting.

See the pdftex.def package documentation for explanation.
Type  H <return>  for immediate help.
 ...                                              
                                                  
l.2360 ...ncludegraphics[scale=0.3]{7STGERROR.png}
                                                  
Try typing  <return>  to proceed.
If that doesn't work, type  X <return>  to quit.

[44]
Overfull \hbox (24.12701pt too wide) in paragraph at lines 2389--2390
[]\OT1/cmr/m/n/12 For the read con-troller, a new STG was cre-ated in Workcraft and saved as \OT1/cmtt/m/n/12 vme-read.stg.work\OT1/cmr/m/n/12 . 
 []

[45]

LaTeX Warning: File `8ReadControlSTG.png' not found on input line 2425.


/home/sahast/CodingProjects/EEE3027_Project/ICDesign/Report/OLD_REPORT/finalReport.tex:2425: Package pdftex.def Error: File `8ReadControlSTG.png' not found: using draft setting.

See the pdftex.def package documentation for explanation.
Type  H <return>  for immediate help.
 ...                                              
                                                  
l.2425 ...graphics[scale=0.3]{8ReadControlSTG.png}
                                                  
Try typing  <return>  to proceed.
If that doesn't work, type  X <return>  to quit.


LaTeX Warning: File `8ReadControlSTGTimingDia.png' not found on input line 2436.


/home/sahast/CodingProjects/EEE3027_Project/ICDesign/Report/OLD_REPORT/finalReport.tex:2436: Package pdftex.def Error: File `8ReadControlSTGTimingDia.png' not found: using draft setting.

See the pdftex.def package documentation for explanation.
Type  H <return>  for immediate help.
 ...                                              
                                                  
l.2436 ...scale=0.3]{8ReadControlSTGTimingDia.png}
                                                  
Try typing  <return>  to proceed.
If that doesn't work, type  X <return>  to quit.


LaTeX Warning: File `8ReadControlSTGVerify.png' not found on input line 2447.


/home/sahast/CodingProjects/EEE3027_Project/ICDesign/Report/OLD_REPORT/finalReport.tex:2447: Package pdftex.def Error: File `8ReadControlSTGVerify.png' not found: using draft setting.

See the pdftex.def package documentation for explanation.
Type  H <return>  for immediate help.
 ...                                              
                                                  
l.2447 ...cs[scale=0.3]{8ReadControlSTGVerify.png}
                                                  
Try typing  <return>  to proceed.
If that doesn't work, type  X <return>  to quit.


LaTeX Warning: File `8WriteControlSTG.png' not found on input line 2460.


/home/sahast/CodingProjects/EEE3027_Project/ICDesign/Report/OLD_REPORT/finalReport.tex:2460: Package pdftex.def Error: File `8WriteControlSTG.png' not found: using draft setting.

See the pdftex.def package documentation for explanation.
Type  H <return>  for immediate help.
 ...                                              
                                                  
l.2460 ...raphics[scale=0.3]{8WriteControlSTG.png}
                                                  
Try typing  <return>  to proceed.
If that doesn't work, type  X <return>  to quit.


LaTeX Warning: File `8WriteControlTiming.png' not found on input line 2471.


/home/sahast/CodingProjects/EEE3027_Project/ICDesign/Report/OLD_REPORT/finalReport.tex:2471: Package pdftex.def Error: File `8WriteControlTiming.png' not found: using draft setting.

See the pdftex.def package documentation for explanation.
Type  H <return>  for immediate help.
 ...                                              
                                                  
l.2471 ...hics[scale=0.3]{8WriteControlTiming.png}
                                                  
Try typing  <return>  to proceed.
If that doesn't work, type  X <return>  to quit.


LaTeX Warning: File `8WriteControlVerify.png' not found on input line 2482.


/home/sahast/CodingProjects/EEE3027_Project/ICDesign/Report/OLD_REPORT/finalReport.tex:2482: Package pdftex.def Error: File `8WriteControlVerify.png' not found: using draft setting.

See the pdftex.def package documentation for explanation.
Type  H <return>  for immediate help.
 ...                                              
                                                  
l.2482 ...hics[scale=0.3]{8WriteControlVerify.png}
                                                  
Try typing  <return>  to proceed.
If that doesn't work, type  X <return>  to quit.


LaTeX Warning: `!h' float specifier changed to `!ht'.

[46]
LaTeX Font Info:    Trying to load font information for TS1+cmtt on input line 2493.
 (/usr/share/texlive/texmf-dist/tex/latex/base/ts1cmtt.fd
File: ts1cmtt.fd 2023/04/13 v2.5m Standard LaTeX font definitions
) [47]
Overfull \hbox (0.34474pt too wide) in paragraph at lines 2510--2512
[]\OT1/cmr/m/n/14.4 IMAGE SHOW-ING THE VME READ-WRITE COM-BINED STG HERE.
 []


Underfull \hbox (badness 10000) in paragraph at lines 2510--2512

 []


LaTeX Warning: File `8RWControl.png' not found on input line 2515.


/home/sahast/CodingProjects/EEE3027_Project/ICDesign/Report/OLD_REPORT/finalReport.tex:2515: Package pdftex.def Error: File `8RWControl.png' not found: using draft setting.

See the pdftex.def package documentation for explanation.
Type  H <return>  for immediate help.
 ...                                              
                                                  
l.2515 ...cludegraphics[scale=0.3]{8RWControl.png}
                                                  
Try typing  <return>  to proceed.
If that doesn't work, type  X <return>  to quit.


LaTeX Warning: File `8RWTimingDiagram.png' not found on input line 2526.


/home/sahast/CodingProjects/EEE3027_Project/ICDesign/Report/OLD_REPORT/finalReport.tex:2526: Package pdftex.def Error: File `8RWTimingDiagram.png' not found: using draft setting.

See the pdftex.def package documentation for explanation.
Type  H <return>  for immediate help.
 ...                                              
                                                  
l.2526 ...raphics[scale=0.3]{8RWTimingDiagram.png}
                                                  
Try typing  <return>  to proceed.
If that doesn't work, type  X <return>  to quit.


LaTeX Warning: File `8WriteControlVerify.png' not found on input line 2537.


/home/sahast/CodingProjects/EEE3027_Project/ICDesign/Report/OLD_REPORT/finalReport.tex:2537: Package pdftex.def Error: File `8WriteControlVerify.png' not found: using draft setting.

See the pdftex.def package documentation for explanation.
Type  H <return>  for immediate help.
 ...                                              
                                                  
l.2537 ...hics[scale=0.3]{8WriteControlVerify.png}
                                                  
Try typing  <return>  to proceed.
If that doesn't work, type  X <return>  to quit.

[48]

LaTeX Warning: File `8RWConflictMessage.png' not found on input line 2568.


/home/sahast/CodingProjects/EEE3027_Project/ICDesign/Report/OLD_REPORT/finalReport.tex:2568: Package pdftex.def Error: File `8RWConflictMessage.png' not found: using draft setting.

See the pdftex.def package documentation for explanation.
Type  H <return>  for immediate help.
 ...                                              
                                                  
l.2568 ...phics[scale=0.3]{8RWConflictMessage.png}
                                                  
Try typing  <return>  to proceed.
If that doesn't work, type  X <return>  to quit.


LaTeX Warning: File `8RWConflictMessage.png' not found on input line 2589.


/home/sahast/CodingProjects/EEE3027_Project/ICDesign/Report/OLD_REPORT/finalReport.tex:2589: Package pdftex.def Error: File `8RWConflictMessage.png' not found: using draft setting.

See the pdftex.def package documentation for explanation.
Type  H <return>  for immediate help.
 ...                                              
                                                  
l.2589 ...phics[scale=0.3]{8RWConflictMessage.png}
                                                  
Try typing  <return>  to proceed.
If that doesn't work, type  X <return>  to quit.

[49]

LaTeX Warning: File `8WriteControlComplexGate.png' not found on input line 2618.


/home/sahast/CodingProjects/EEE3027_Project/ICDesign/Report/OLD_REPORT/finalReport.tex:2618: Package pdftex.def Error: File `8WriteControlComplexGate.png' not found: using draft setting.

See the pdftex.def package documentation for explanation.
Type  H <return>  for immediate help.
 ...                                              
                                                  
l.2618 ...scale=0.3]{8WriteControlComplexGate.png}
                                                  
Try typing  <return>  to proceed.
If that doesn't work, type  X <return>  to quit.

[50]

LaTeX Warning: File `8WriteControlVerify.png' not found on input line 2629.


/home/sahast/CodingProjects/EEE3027_Project/ICDesign/Report/OLD_REPORT/finalReport.tex:2629: Package pdftex.def Error: File `8WriteControlVerify.png' not found: using draft setting.

See the pdftex.def package documentation for explanation.
Type  H <return>  for immediate help.
 ...                                              
                                                  
l.2629 ...hics[scale=0.3]{8WriteControlVerify.png}
                                                  
Try typing  <return>  to proceed.
If that doesn't work, type  X <return>  to quit.

[51]

LaTeX Warning: Hook 'shipout/lastpage' executed on wrong page (1 not 52).
               Rerun to correct this.

(./finalReport.aux)
 ***********
LaTeX2e <2023-11-01> patch level 1
L3 programming layer <2024-01-22>
 ***********


LaTeX Warning: There were undefined references.


LaTeX Warning: Label(s) may have changed. Rerun to get cross-references right.


Package rerunfilecheck Warning: File `finalReport.out' has changed.
(rerunfilecheck)                Rerun to get outlines right
(rerunfilecheck)                or use package `bookmark'.

Package rerunfilecheck Info: Checksums for `finalReport.out':
(rerunfilecheck)             Before: <no file>
(rerunfilecheck)             After:  DFBB3AF43A5AE11CEEE291FBD7902F3C;3090.

Package biblatex Warning: Please (re)run Biber on the file:
(biblatex)                finalReport
(biblatex)                and rerun LaTeX afterwards.

Package logreq Info: Writing requests to 'finalReport.run.xml'.
\openout1 = `finalReport.run.xml'.

 ) 
Here is how much of TeX's memory you used:
 73379 strings out of 474222
 1831920 string characters out of 5748733
 3063389 words of memory out of 5000000
 94486 multiletter control sequences out of 15000+600000
 569617 words of font info for 79 fonts, out of 8000000 for 9000
 1141 hyphenation exceptions out of 8191
 89i,14n,90p,1271b,2451s stack positions out of 10000i,1000n,20000p,200000b,200000s
</usr/share/texlive/texmf-dist/fonts/type1/public/amsfonts/cm/cmbx10.pfb></usr/share/texlive/texmf-dist/fonts/type1/public/amsfonts/cm/cmbx12.pfb></usr/share/texlive/texmf-dist/fonts/type1/public/amsfonts/cm/cmbx8.pfb></usr/share/texlive/texmf-dist/fonts/type1/public/amsfonts/cm/cmcsc10.pfb></usr/share/texlive/texmf-dist/fonts/type1/public/amsfonts/cm/cmex10.pfb></usr/share/texlive/texmf-dist/fonts/type1/public/amsfonts/cm/cmmi10.pfb></usr/share/texlive/texmf-dist/fonts/type1/public/amsfonts/cm/cmmi12.pfb></usr/share/texlive/texmf-dist/fonts/type1/public/amsfonts/cm/cmmi6.pfb></usr/share/texlive/texmf-dist/fonts/type1/public/amsfonts/cm/cmmi8.pfb></usr/share/texlive/texmf-dist/fonts/type1/public/amsfonts/cm/cmr10.pfb></usr/share/texlive/texmf-dist/fonts/type1/public/amsfonts/cm/cmr12.pfb></usr/share/texlive/texmf-dist/fonts/type1/public/amsfonts/cm/cmr17.pfb></usr/share/texlive/texmf-dist/fonts/type1/public/amsfonts/cm/cmr6.pfb></usr/share/texlive/texmf-dist/fonts/type1/public/amsfonts/cm/cmr8.pfb></usr/share/texlive/texmf-dist/fonts/type1/public/amsfonts/cm/cmsy10.pfb></usr/share/texlive/texmf-dist/fonts/type1/public/amsfonts/cm/cmsy8.pfb></usr/share/texlive/texmf-dist/fonts/type1/public/amsfonts/cm/cmti12.pfb></usr/share/texlive/texmf-dist/fonts/type1/public/amsfonts/cm/cmtt10.pfb></usr/share/texlive/texmf-dist/fonts/type1/public/amsfonts/cm/cmtt12.pfb></usr/share/texmf/fonts/type1/public/cm-super/sfrm1200.pfb></usr/share/texmf/fonts/type1/public/cm-super/sftt1200.pfb>
Output written on finalReport.pdf (52 pages, 410453 bytes).
PDF statistics:
 785 PDF objects out of 1000 (max. 8388607)
 682 compressed objects within 7 object streams
 368 named destinations out of 1000 (max. 500000)
 13 words of extra memory for PDF output out of 10000 (max. 10000000)

